/* Generated by tools/fontgen.py from DejaVuSans-Bold.ttf at 28 px. Do not edit; run tools/gen_fonts.sh. */
/* Font licence: assets/fonts/LICENSE-DejaVu.txt (it also covers these bitmaps). */
#include "gfx_font.h"

static const uint8_t s_bitmap[] = {
    0x0F, 0x80, 0x0F, 0x80, 0x0F, 0x80, 0x0F, 0x80, 0x0F, 0x80, 0x0F, 0x80, 0x0F, 0x80, 0x0F, 0x80,
    0x0F, 0x80, 0x0F, 0x80, 0x0F, 0x80, 0x07, 0x80, 0x07, 0x00, 0x00, 0x00, 0x00, 0x00, 0x0F, 0x80,
    0x0F, 0x80, 0x0F, 0x80, 0x0F, 0x80, 0x0F, 0x80, 0x1C, 0x70, 0x1C, 0x70, 0x1C, 0x70, 0x1C, 0x70,
    0x1C, 0x70, 0x1C, 0x70, 0x1C, 0x70, 0x1C, 0x70, 0x00, 0x00, 0x00, 0x00, 0x00, 0x00, 0x00, 0x00,
    0x00, 0x00, 0x00, 0x00, 0x00, 0x00, 0x00, 0x00, 0x00, 0x00, 0x00, 0x00, 0x00, 0x00, 0x00, 0x00,
    0x00, 0x78, 0xE0, 0x00, 0x70, 0xE0, 0x00, 0x70, 0xE0, 0x00, 0x71, 0xE0, 0x00, 0xF1, 0xC0, 0x0F,
    0xFF, 0xFC, 0x0F, 0xFF, 0xFC, 0x0F, 0xFF, 0xFC, 0x01, 0xE3, 0x80, 0x01, 0xC3, 0x80, 0x01, 0xC3,
    0x80, 0x01, 0xC7, 0x80, 0x3F, 0xFF, 0xF0, 0x3F, 0xFF, 0xF0, 0x3F, 0xFF, 0xF0, 0x03, 0x87, 0x00,
    0x07, 0x8E, 0x00, 0x07, 0x0E, 0x00, 0x07, 0x0E, 0x00, 0x07, 0x1E, 0x00, 0x00, 0x30, 0x00, 0x00,
    0x30, 0x00, 0x00, 0x30, 0x00, 0x01, 0xFF, 0x80, 0x03, 0xFF, 0x80, 0x07, 0xFF, 0x80, 0x0F, 0xB1,
    0x80, 0x0F, 0x30, 0x00, 0x0F, 0x30, 0x00, 0x0F, 0xB0, 0x00, 0x0F, 0xFC, 0x00, 0x07, 0xFF, 0x00,
    0x03, 0xFF, 0x80, 0x01, 0xFF, 0xC0, 0x00, 0x3F, 0xC0, 0x00, 0x33, 0xC0, 0x00, 0x33, 0xC0, 0x0C,
    0x33, 0xC0, 0x0F, 0xFF, 0x80, 0x0F, 0xFF, 0x00, 0x0F, 0xFE, 0x00, 0x00, 0x30, 0x00, 0x00, 0x30,
    0x00, 0x00, 0x30, 0x00, 0x00, 0x30, 0x00, 0x0F, 0x80, 0x3C, 0x00, 0x3F, 0xE0, 0x38, 0x00, 0x38,
    0xE0, 0x78, 0x00, 0x70, 0x70, 0x70, 0x00, 0x70, 0x70, 0xE0, 0x00, 0x70, 0x71, 0xE0, 0x00, 0x70,
    0x71, 0xC0, 0x00, 0x70, 0x73, 0x80, 0x00, 0x38, 0xE7, 0x80, 0x00, 0x3F, 0xE7, 0x1F, 0x00, 0x0F,
    0x8E, 0x7F, 0xC0, 0x00, 0x1E, 0x71, 0xC0, 0x00, 0x1C, 0xE0, 0xE0, 0x00, 0x3C, 0xE0, 0xE0, 0x00,
    0x78, 0xE0, 0xE0, 0x00, 0x70, 0xE0, 0xE0, 0x00, 0xF0, 0xE0, 0xE0, 0x01, 0xE0, 0x71, 0xC0, 0x01,
    0xC0, 0x7F, 0xC0, 0x03, 0xC0, 0x1F, 0x00, 0x01, 0xFC, 0x00, 0x07, 0xFF, 0x00, 0x07, 0xFF, 0x00,
    0x0F, 0xC3, 0x00, 0x0F, 0x81, 0x00, 0x0F, 0x80, 0x00, 0x07, 0xC0, 0x00, 0x07, 0xE0, 0x00, 0x0F,
    0xF0, 0x3C, 0x1F, 0xF8, 0x3C, 0x3E, 0xFC, 0x7C, 0x7C, 0x7E, 0x78, 0x7C, 0x3F, 0xF8, 0x7C, 0x1F,
    0xF8, 0x7C, 0x0F, 0xF0, 0x7E, 0x07, 0xE0, 0x3F, 0x0F, 0xF0, 0x3F, 0xFF, 0xF8, 0x0F, 0xFF, 0xFC,
    0x03, 0xF8, 0x7E, 0x1C, 0x00, 0x1C, 0x00, 0x1C, 0x00, 0x1C, 0x00, 0x1C, 0x00, 0x1C, 0x00, 0x1C,
    0x00, 0x1C, 0x00, 0x00, 0x00, 0x00, 0x00, 0x00, 0x00, 0x00, 0x00, 0x00, 0x00, 0x00, 0x00, 0x00,
    0x00, 0x00, 0x00, 0x00, 0x00, 0x00, 0x00, 0x00, 0x00, 0x00, 0x00, 0x03, 0xE0, 0x07, 0xC0, 0x07,
    0xC0, 0x0F, 0x80, 0x0F, 0x80, 0x1F, 0x00, 0x1F, 0x00, 0x1F, 0x00, 0x3E, 0x00, 0x3E, 0x00, 0x3E,
    0x00, 0x3E, 0x00, 0x3E, 0x00, 0x3E, 0x00, 0x3E, 0x00, 0x3E, 0x00, 0x3E, 0x00, 0x1F, 0x00, 0x1F,
    0x00, 0x1F, 0x00, 0x0F, 0x80, 0x0F, 0x80, 0x07, 0xC0, 0x07, 0xC0, 0x03, 0xE0, 0x3E, 0x00, 0x1F,
    0x00, 0x1F, 0x00, 0x0F, 0x80, 0x0F, 0x80, 0x07, 0xC0, 0x07, 0xC0, 0x07, 0xC0, 0x03, 0xE0, 0x03,
    0xE0, 0x03, 0xE0, 0x03, 0xE0, 0x03, 0xE0, 0x03, 0xE0, 0x03, 0xE0, 0x03, 0xE0, 0x03, 0xE0, 0x07,
    0xC0, 0x07, 0xC0, 0x07, 0xC0, 0x0F, 0x80, 0x0F, 0x80, 0x1F, 0x00, 0x1F, 0x00, 0x3E, 0x00, 0x03,
    0x00, 0x03, 0x00, 0x43, 0x08, 0xF3, 0x3C, 0x7F, 0xF8, 0x1F, 0xE0, 0x07, 0x80, 0x1F, 0xE0, 0x7F,
    0xF8, 0xF3, 0x3C, 0x43, 0x08, 0x03, 0x00, 0x03, 0x00, 0x00, 0x00, 0x00, 0x00, 0x00, 0x00, 0x00,
    0x00, 0x00, 0x00, 0x00, 0x00, 0x00, 0x00, 0x00, 0x38, 0x00, 0x00, 0x38, 0x00, 0x00, 0x38, 0x00,
    0x00, 0x38, 0x00, 0x00, 0x38, 0x00, 0x00, 0x38, 0x00, 0x00, 0x38, 0x00, 0x1F, 0xFF, 0xF0, 0x1F,
    0xFF, 0xF0, 0x1F, 0xFF, 0xF0, 0x00, 0x38, 0x00, 0x00, 0x38, 0x00, 0x00, 0x38, 0x00, 0x00, 0x38,
    0x00, 0x00, 0x38, 0x00, 0x00, 0x38, 0x00, 0x00, 0x38, 0x00, 0x1F, 0x00, 0x1F, 0x00, 0x1F, 0x00,
    0x1F, 0x00, 0x1F, 0x00, 0x1E, 0x00, 0x3E, 0x00, 0x3C, 0x00, 0x38, 0x00, 0x3F, 0xE0, 0x3F, 0xE0,
    0x3F, 0xE0, 0x3F, 0xE0, 0x00, 0x00, 0x00, 0x00, 0x00, 0x00, 0x00, 0x00, 0x00, 0x00, 0x00, 0x00,
    0x1F, 0x00, 0x1F, 0x00, 0x1F, 0x00, 0x1F, 0x00, 0x1F, 0x00, 0x01, 0xC0, 0x01, 0xC0, 0x03, 0x80,
    0x03, 0x80, 0x03, 0x80, 0x07, 0x00, 0x07, 0x00, 0x07, 0x00, 0x0E, 0x00, 0x0E, 0x00, 0x0E, 0x00,
    0x0C, 0x00, 0x1C, 0x00, 0x1C, 0x00, 0x1C, 0x00, 0x38, 0x00, 0x38, 0x00, 0x38, 0x00, 0x70, 0x00,
    0x70, 0x00, 0x70, 0x00, 0xE0, 0x00, 0xE0, 0x00, 0x03, 0xF8, 0x00, 0x0F, 0xFE, 0x00, 0x1F, 0xFF,
    0x00, 0x1F, 0xFF, 0x00, 0x3F, 0x1F, 0x80, 0x3E, 0x0F, 0x80, 0x7C, 0x07, 0xC0, 0x7C, 0x07, 0xC0,
    0x7C, 0x07, 0xC0, 0x7C, 0x07, 0xC0, 0x7C, 0x07, 0xC0, 0x7C, 0x07, 0xC0, 0x7C, 0x07, 0xC0, 0x7C,
    0x07, 0xC0, 0x3E, 0x0F, 0x80, 0x3F, 0x1F, 0x80, 0x1F, 0xFF, 0x00, 0x1F, 0xFF, 0x00, 0x0F, 0xFE,
    0x00, 0x03, 0xF8, 0x00, 0x07, 0xF8, 0x00, 0x1F, 0xF8, 0x00, 0x1F, 0xF8, 0x00, 0x1F, 0xF8, 0x00,
    0x1C, 0xF8, 0x00, 0x00, 0xF8, 0x00, 0x00, 0xF8, 0x00, 0x00, 0xF8, 0x00, 0x00, 0xF8, 0x00, 0x00,
    0xF8, 0x00, 0x00, 0xF8, 0x00, 0x00, 0xF8, 0x00, 0x00, 0xF8, 0x00, 0x00, 0xF8, 0x00, 0x00, 0xF8,
    0x00, 0x00, 0xF8, 0x00, 0x1F, 0xFF, 0xC0, 0x1F, 0xFF, 0xC0, 0x1F, 0xFF, 0xC0, 0x1F, 0xFF, 0xC0,
    0x0F, 0xF8, 0x00, 0x3F, 0xFE, 0x00, 0x3F, 0xFF, 0x00, 0x3F, 0xFF, 0x80, 0x30, 0x1F, 0x80, 0x00,
    0x0F, 0x80, 0x00, 0x0F, 0x80, 0x00, 0x0F, 0x80, 0x00, 0x1F, 0x80, 0x00, 0x3F, 0x00, 0x00, 0x7F,
    0x00, 0x00, 0xFE, 0x00, 0x03, 0xFC, 0x00, 0x07, 0xF8, 0x00, 0x0F, 0xF0, 0x00, 0x1F, 0xE0, 0x00,
    0x3F, 0xFF, 0x80, 0x3F, 0xFF, 0x80, 0x3F, 0xFF, 0x80, 0x3F, 0xFF, 0x80, 0x07, 0xF8, 0x00, 0x1F,
    0xFE, 0x00, 0x1F, 0xFF, 0x00, 0x1F, 0xFF, 0x80, 0x18, 0x1F, 0x80, 0x00, 0x0F, 0x80, 0x00, 0x0F,
    0x80, 0x00, 0x1F, 0x00, 0x03, 0xFE, 0x00, 0x03, 0xF8, 0x00, 0x03, 0xFE, 0x00, 0x03, 0xFF, 0x00,
    0x00, 0x1F, 0x80, 0x00, 0x0F, 0x80, 0x00, 0x0F, 0x80, 0x30, 0x1F, 0x80, 0x3F, 0xFF, 0x80, 0x3F,
    0xFF, 0x00, 0x3F, 0xFE, 0x00, 0x0F, 0xF0, 0x00, 0x00, 0x7E, 0x00, 0x00, 0xFE, 0x00, 0x01, 0xFE,
    0x00, 0x01, 0xFE, 0x00, 0x03, 0xFE, 0x00, 0x07, 0xBE, 0x00, 0x07, 0x3E, 0x00, 0x0F, 0x3E, 0x00,
    0x1E, 0x3E, 0x00, 0x1C, 0x3E, 0x00, 0x3C, 0x3E, 0x00, 0x78, 0x3E, 0x00, 0x7F, 0xFF, 0xC0, 0x7F,
    0xFF, 0xC0, 0x7F, 0xFF, 0xC0, 0x7F, 0xFF, 0xC0, 0x00, 0x3E, 0x00, 0x00, 0x3E, 0x00, 0x00, 0x3E,
    0x00, 0x00, 0x3E, 0x00, 0x1F, 0xFF, 0x00, 0x1F, 0xFF, 0x00, 0x1F, 0xFF, 0x00, 0x1F, 0xFF, 0x00,
    0x1E, 0x00, 0x00, 0x1E, 0x00, 0x00, 0x1F, 0xF8, 0x00, 0x1F, 0xFE, 0x00, 0x1F, 0xFF, 0x00, 0x1F,
    0xFF, 0x00, 0x18, 0x3F, 0x80, 0x00, 0x0F, 0x80, 0x00, 0x0F, 0x80, 0x00, 0x0F, 0x80, 0x00, 0x0F,
    0x80, 0x30, 0x3F, 0x80, 0x3F, 0xFF, 0x00, 0x3F, 0xFE, 0x00, 0x3F, 0xFC, 0x00, 0x0F, 0xF0, 0x00,
    0x00, 0xFE, 0x00, 0x03, 0xFF, 0x80, 0x07, 0xFF, 0x80, 0x0F, 0xFF, 0x80, 0x1F, 0x81, 0x80, 0x1F,
    0x00, 0x00, 0x3E, 0x7C, 0x00, 0x3F, 0xFF, 0x00, 0x3F, 0xFF, 0x80, 0x3F, 0xFF, 0x80, 0x3F, 0x0F,
    0xC0, 0x3E, 0x07, 0xC0, 0x3E, 0x07, 0xC0, 0x3E, 0x07, 0xC0, 0x1E, 0x07, 0xC0, 0x1F, 0x0F, 0xC0,
    0x1F, 0xFF, 0x80, 0x0F, 0xFF, 0x00, 0x07, 0xFE, 0x00, 0x01, 0xF8, 0x00, 0x3F, 0xFF, 0x80, 0x3F,
    0xFF, 0x80, 0x3F, 0xFF, 0x80, 0x3F, 0xFF, 0x80, 0x00, 0x1F, 0x00, 0x00, 0x3F, 0x00, 0x00, 0x3E,
    0x00, 0x00, 0x7E, 0x00, 0x00, 0x7C, 0x00, 0x00, 0xFC, 0x00, 0x00, 0xFC, 0x00, 0x00, 0xF8, 0x00,
    0x01, 0xF8, 0x00, 0x01, 0xF0, 0x00, 0x03, 0xF0, 0x00, 0x03, 0xE0, 0x00, 0x07, 0xE0, 0x00, 0x07,
    0xC0, 0x00, 0x0F, 0xC0, 0x00, 0x0F, 0x80, 0x00, 0x03, 0xFC, 0x00, 0x07, 0xFE, 0x00, 0x0F, 0xFF,
    0x00, 0x1F, 0xFF, 0x80, 0x1F, 0x9F, 0x80, 0x1F, 0x0F, 0x80, 0x1F, 0x0F, 0x80, 0x1F, 0x9F, 0x80,
    0x0F, 0xFF, 0x00, 0x07, 0xFE, 0x00, 0x07, 0xFE, 0x00, 0x1F, 0xFF, 0x80, 0x3F, 0x0F, 0xC0, 0x3E,
    0x07, 0xC0, 0x3E, 0x07, 0xC0, 0x3F, 0x0F, 0xC0, 0x3F, 0xFF, 0xC0, 0x1F, 0xFF, 0x80, 0x0F, 0xFF,
    0x00, 0x03, 0xFC, 0x00, 0x01, 0xF8, 0x00, 0x07, 0xFE, 0x00, 0x0F, 0xFF, 0x00, 0x1F, 0xFF, 0x80,
    0x3F, 0x0F, 0x80, 0x3E, 0x07, 0x80, 0x3E, 0x07, 0xC0, 0x3E, 0x07, 0xC0, 0x3E, 0x07, 0xC0, 0x3F,
    0x0F, 0xC0, 0x1F, 0xFF, 0xC0, 0x1F, 0xFF, 0xC0, 0x0F, 0xFF, 0xC0, 0x03, 0xE7, 0x80, 0x00, 0x0F,
    0x80, 0x10, 0x1F, 0x80, 0x1F, 0xFF, 0x00, 0x1F, 0xFE, 0x00, 0x1F, 0xFC, 0x00, 0x0F, 0xF0, 0x00,
    0x1F, 0x00, 0x1F, 0x00, 0x1F, 0x00, 0x1F, 0x00, 0x1F, 0x00, 0x00, 0x00, 0x00, 0x00, 0x00, 0x00,
    0x00, 0x00, 0x00, 0x00, 0x1F, 0x00, 0x1F, 0x00, 0x1F, 0x00, 0x1F, 0x00, 0x1F, 0x00, 0x1F, 0x00,
    0x1F, 0x00, 0x1F, 0x00, 0x1F, 0x00, 0x1F, 0x00, 0x00, 0x00, 0x00, 0x00, 0x00, 0x00, 0x00, 0x00,
    0x00, 0x00, 0x1F, 0x00, 0x1F, 0x00, 0x1F, 0x00, 0x1F, 0x00, 0x1F, 0x00, 0x1E, 0x00, 0x3E, 0x00,
    0x3C, 0x00, 0x38, 0x00, 0x00, 0x00, 0x08, 0x00, 0x00, 0x78, 0x00, 0x03, 0xF8, 0x00, 0x1F, 0xF8,
    0x00, 0xFF, 0xC0, 0x07, 0xFE, 0x00, 0x1F, 0xF0, 0x00, 0x1F, 0x80, 0x00, 0x1F, 0x80, 0x00, 0x1F,
    0xF0, 0x00, 0x07, 0xFE, 0x00, 0x00, 0xFF, 0xC0, 0x00, 0x1F, 0xF8, 0x00, 0x03, 0xF8, 0x00, 0x00,
    0x78, 0x00, 0x00, 0x08, 0x00, 0x00, 0x00, 0x1F, 0xFF, 0xF8, 0x1F, 0xFF, 0xF8, 0x1F, 0xFF, 0xF8,
    0x00, 0x00, 0x00, 0x00, 0x00, 0x00, 0x00, 0x00, 0x00, 0x1F, 0xFF, 0xF8, 0x1F, 0xFF, 0xF8, 0x1F,
    0xFF, 0xF8, 0x00, 0x00, 0x00, 0x00, 0x00, 0x00, 0x00, 0x00, 0x00, 0x00, 0x00, 0x00, 0x10, 0x00,
    0x00, 0x1E, 0x00, 0x00, 0x1F, 0xC0, 0x00, 0x1F, 0xF8, 0x00, 0x03, 0xFF, 0x00, 0x00, 0x7F, 0xE0,
    0x00, 0x0F, 0xF8, 0x00, 0x01, 0xF8, 0x00, 0x01, 0xF8, 0x00, 0x0F, 0xF8, 0x00, 0x7F, 0xE0, 0x03,
    0xFF, 0x00, 0x1F, 0xF8, 0x00, 0x1F, 0xC0, 0x00, 0x1E, 0x00, 0x00, 0x10, 0x00, 0x00, 0x00, 0x00,
    0x00, 0x3F, 0xF0, 0x3F, 0xFC, 0x3F, 0xFC, 0x30, 0x7E, 0x00, 0x3E, 0x00, 0x3E, 0x00, 0x7E, 0x00,
    0xFC, 0x01, 0xF8, 0x03, 0xF0, 0x07, 0xE0, 0x07, 0xC0, 0x07, 0xC0, 0x00, 0x00, 0x00, 0x00, 0x07,
    0xC0, 0x07, 0xC0, 0x07, 0xC0, 0x07, 0xC0, 0x07, 0xC0, 0x00, 0x1F, 0xC0, 0x00, 0x00, 0xFF, 0xF0,
    0x00, 0x01, 0xFF, 0xFC, 0x00, 0x03, 0xE0, 0x7E, 0x00, 0x07, 0x80, 0x1F, 0x00, 0x0F, 0x00, 0x07,
    0x80, 0x1E, 0x1E, 0x73, 0x80, 0x1C, 0x3F, 0xF3, 0x80, 0x1C, 0x7F, 0xF1, 0xC0, 0x38, 0x70, 0xF1,
    0xC0, 0x38, 0xE0, 0x71, 0xC0, 0x38, 0xE0, 0x71, 0xC0, 0x38, 0xE0, 0x71, 0xC0, 0x38, 0xE0, 0x71,
    0xC0, 0x38, 0xE0, 0x73, 0x80, 0x38, 0xF0, 0xF7, 0x80, 0x1C, 0x7F, 0xFF, 0x00, 0x1C, 0x3F, 0x7E,
    0x00, 0x1E, 0x1E, 0x78, 0x00, 0x0F, 0x00, 0x00, 0x00, 0x07, 0x80, 0x08, 0x00, 0x03, 0xE0, 0x3C,
    0x00, 0x01, 0xFF, 0xF8, 0x00, 0x00, 0xFF, 0xF0, 0x00, 0x00, 0x1F, 0xC0, 0x00, 0x01, 0xFC, 0x00,
    0x01, 0xFC, 0x00, 0x03, 0xFE, 0x00, 0x03, 0xFE, 0x00, 0x03, 0xFE, 0x00, 0x07, 0xFF, 0x00, 0x07,
    0xDF, 0x00, 0x07, 0xDF, 0x00, 0x0F, 0xDF, 0x80, 0x0F, 0x8F, 0x80, 0x0F, 0x8F, 0x80, 0x1F, 0x07,
    0xC0, 0x1F, 0xFF, 0xC0, 0x3F, 0xFF, 0xE0, 0x3F, 0xFF, 0xE0, 0x3F, 0xFF, 0xE0, 0x7E, 0x03, 0xF0,
    0x7C, 0x01, 0xF0, 0x7C, 0x01, 0xF0, 0xFC, 0x01, 0xF8, 0x1F, 0xFE, 0x00, 0x1F, 0xFF, 0x80, 0x1F,
    0xFF, 0xC0, 0x1F, 0xFF, 0xE0, 0x1F, 0x07, 0xE0, 0x1F, 0x03, 0xE0, 0x1F, 0x03, 0xE0, 0x1F, 0x07,
    0xE0, 0x1F, 0xFF, 0xC0, 0x1F, 0xFF, 0x80, 0x1F, 0xFF, 0xC0, 0x1F, 0xFF, 0xE0, 0x1F, 0x03, 0xF0,
    0x1F, 0x01, 0xF0, 0x1F, 0x01, 0xF0, 0x1F, 0x03, 0xF0, 0x1F, 0xFF, 0xF0, 0x1F, 0xFF, 0xE0, 0x1F,
    0xFF, 0xC0, 0x1F, 0xFF, 0x00, 0x00, 0xFE, 0x00, 0x03, 0xFF, 0xC0, 0x0F, 0xFF, 0xC0, 0x1F, 0xFF,
    0xC0, 0x3F, 0x81, 0xC0, 0x3F, 0x00, 0x40, 0x7E, 0x00, 0x00, 0x7C, 0x00, 0x00, 0x7C, 0x00, 0x00,
    0x7C, 0x00, 0x00, 0x7C, 0x00, 0x00, 0x7C, 0x00, 0x00, 0x7C, 0x00, 0x00, 0x7E, 0x00, 0x00, 0x3F,
    0x00, 0x40, 0x3F, 0x81, 0xC0, 0x1F, 0xFF, 0xC0, 0x0F, 0xFF, 0xC0, 0x07, 0xFF, 0xC0, 0x00, 0xFE,
    0x00, 0x1F, 0xFE, 0x00, 0x1F, 0xFF, 0x80, 0x1F, 0xFF, 0xE0, 0x1F, 0xFF, 0xF0, 0x1F, 0x07, 0xF8,
    0x1F, 0x01, 0xF8, 0x1F, 0x00, 0xF8, 0x1F, 0x00, 0x7C, 0x1F, 0x00, 0x7C, 0x1F, 0x00, 0x7C, 0x1F,
    0x00, 0x7C, 0x1F, 0x00, 0x7C, 0x1F, 0x00, 0x7C, 0x1F, 0x00, 0xFC, 0x1F, 0x01, 0xF8, 0x1F, 0x07,
    0xF8, 0x1F, 0xFF, 0xF0, 0x1F, 0xFF, 0xE0, 0x1F, 0xFF, 0x80, 0x1F, 0xFE, 0x00, 0x1F, 0xFF, 0xC0,
    0x1F, 0xFF, 0xC0, 0x1F, 0xFF, 0xC0, 0x1F, 0xFF, 0xC0, 0x1F, 0x00, 0x00, 0x1F, 0x00, 0x00, 0x1F,
    0x00, 0x00, 0x1F, 0x00, 0x00, 0x1F, 0xFF, 0x80, 0x1F, 0xFF, 0x80, 0x1F, 0xFF, 0x80, 0x1F, 0xFF,
    0x80, 0x1F, 0x00, 0x00, 0x1F, 0x00, 0x00, 0x1F, 0x00, 0x00, 0x1F, 0x00, 0x00, 0x1F, 0xFF, 0xC0,
    0x1F, 0xFF, 0xC0, 0x1F, 0xFF, 0xC0, 0x1F, 0xFF, 0xC0, 0x1F, 0xFF, 0x80, 0x1F, 0xFF, 0x80, 0x1F,
    0xFF, 0x80, 0x1F, 0xFF, 0x80, 0x1F, 0x00, 0x00, 0x1F, 0x00, 0x00, 0x1F, 0x00, 0x00, 0x1F, 0x00,
    0x00, 0x1F, 0xFF, 0x00, 0x1F, 0xFF, 0x00, 0x1F, 0xFF, 0x00, 0x1F, 0xFF, 0x00, 0x1F, 0x00, 0x00,
    0x1F, 0x00, 0x00, 0x1F, 0x00, 0x00, 0x1F, 0x00, 0x00, 0x1F, 0x00, 0x00, 0x1F, 0x00, 0x00, 0x1F,
    0x00, 0x00, 0x1F, 0x00, 0x00, 0x00, 0xFF, 0x80, 0x03, 0xFF, 0xF0, 0x0F, 0xFF, 0xF0, 0x1F, 0xFF,
    0xF0, 0x3F, 0xC0, 0xF0, 0x3F, 0x00, 0x10, 0x3E, 0x00, 0x00, 0x7C, 0x00, 0x00, 0x7C, 0x00, 0x00,
    0x7C, 0x07, 0xF8, 0x7C, 0x07, 0xF8, 0x7C, 0x07, 0xF8, 0x7C, 0x07, 0xF8, 0x7E, 0x00, 0xF8, 0x3F,
    0x00, 0xF8, 0x3F, 0xC0, 0xF8, 0x1F, 0xFF, 0xF8, 0x0F, 0xFF, 0xF8, 0x03, 0xFF, 0xF0, 0x00, 0xFF,
    0x80, 0x1F, 0x00, 0xF8, 0x1F, 0x00, 0xF8, 0x1F, 0x00, 0xF8, 0x1F, 0x00, 0xF8, 0x1F, 0x00, 0xF8,
    0x1F, 0x00, 0xF8, 0x1F, 0x00, 0xF8, 0x1F, 0x00, 0xF8, 0x1F, 0xFF, 0xF8, 0x1F, 0xFF, 0xF8, 0x1F,
    0xFF, 0xF8, 0x1F, 0xFF, 0xF8, 0x1F, 0x00, 0xF8, 0x1F, 0x00, 0xF8, 0x1F, 0x00, 0xF8, 0x1F, 0x00,
    0xF8, 0x1F, 0x00, 0xF8, 0x1F, 0x00, 0xF8, 0x1F, 0x00, 0xF8, 0x1F, 0x00, 0xF8, 0x1F, 0x00, 0x1F,
    0x00, 0x1F, 0x00, 0x1F, 0x00, 0x1F, 0x00, 0x1F, 0x00, 0x1F, 0x00, 0x1F, 0x00, 0x1F, 0x00, 0x1F,
    0x00, 0x1F, 0x00, 0x1F, 0x00, 0x1F, 0x00, 0x1F, 0x00, 0x1F, 0x00, 0x1F, 0x00, 0x1F, 0x00, 0x1F,
    0x00, 0x1F, 0x00, 0x1F, 0x00, 0x0F, 0x80, 0x0F, 0x80, 0x0F, 0x80, 0x0F, 0x80, 0x0F, 0x80, 0x0F,
    0x80, 0x0F, 0x80, 0x0F, 0x80, 0x0F, 0x80, 0x0F, 0x80, 0x0F, 0x80, 0x0F, 0x80, 0x0F, 0x80, 0x0F,
    0x80, 0x0F, 0x80, 0x0F, 0x80, 0x0F, 0x80, 0x0F, 0x80, 0x0F, 0x80, 0x0F, 0x80, 0x0F, 0x80, 0x1F,
    0x80, 0xFF, 0x00, 0xFF, 0x00, 0xFE, 0x00, 0xF8, 0x00, 0x1F, 0x01, 0xF8, 0x1F, 0x03, 0xF0, 0x1F,
    0x07, 0xE0, 0x1F, 0x0F, 0xC0, 0x1F, 0x1F, 0x80, 0x1F, 0x3F, 0x00, 0x1F, 0x7E, 0x00, 0x1F, 0xFC,
    0x00, 0x1F, 0xF8, 0x00, 0x1F, 0xF0, 0x00, 0x1F, 0xF8, 0x00, 0x1F, 0xFC, 0x00, 0x1F, 0xFE, 0x00,
    0x1F, 0x7F, 0x00, 0x1F, 0x3F, 0x80, 0x1F, 0x0F, 0xC0, 0x1F, 0x07, 0xE0, 0x1F, 0x03, 0xF0, 0x1F,
    0x01, 0xF8, 0x1F, 0x00, 0xFC, 0x1F, 0x00, 0x00, 0x1F, 0x00, 0x00, 0x1F, 0x00, 0x00, 0x1F, 0x00,
    0x00, 0x1F, 0x00, 0x00, 0x1F, 0x00, 0x00, 0x1F, 0x00, 0x00, 0x1F, 0x00, 0x00, 0x1F, 0x00, 0x00,
    0x1F, 0x00, 0x00, 0x1F, 0x00, 0x00, 0x1F, 0x00, 0x00, 0x1F, 0x00, 0x00, 0x1F, 0x00, 0x00, 0x1F,
    0x00, 0x00, 0x1F, 0x00, 0x00, 0x1F, 0xFF, 0xC0, 0x1F, 0xFF, 0xC0, 0x1F, 0xFF, 0xC0, 0x1F, 0xFF,
    0xC0, 0x1F, 0x80, 0x0F, 0xC0, 0x1F, 0xC0, 0x1F, 0xC0, 0x1F, 0xC0, 0x1F, 0xC0, 0x1F, 0xC0, 0x1F,
    0xC0, 0x1F, 0xE0, 0x3F, 0xC0, 0x1F, 0xE0, 0x3F, 0xC0, 0x1F, 0x70, 0x77, 0xC0, 0x1F, 0x70, 0x77,
    0xC0, 0x1F, 0x78, 0xF7, 0xC0, 0x1F, 0x38, 0xE7, 0xC0, 0x1F, 0x3D, 0xE7, 0xC0, 0x1F, 0x1D, 0xC7,
    0xC0, 0x1F, 0x1F, 0xC7, 0xC0, 0x1F, 0x0F, 0x87, 0xC0, 0x1F, 0x0F, 0x87, 0xC0, 0x1F, 0x07, 0x07,
    0xC0, 0x1F, 0x00, 0x07, 0xC0, 0x1F, 0x00, 0x07, 0xC0, 0x1F, 0x00, 0x07, 0xC0, 0x1F, 0x00, 0x07,
    0xC0, 0x1F, 0x80, 0xF8, 0x1F, 0xC0, 0xF8, 0x1F, 0xC0, 0xF8, 0x1F, 0xE0, 0xF8, 0x1F, 0xE0, 0xF8,
    0x1F, 0xE0, 0xF8, 0x1F, 0x70, 0xF8, 0x1F, 0x70, 0xF8, 0x1F, 0x38, 0xF8, 0x1F, 0x38, 0xF8, 0x1F,
    0x1C, 0xF8, 0x1F, 0x1C, 0xF8, 0x1F, 0x0E, 0xF8, 0x1F, 0x0E, 0xF8, 0x1F, 0x0F, 0xF8, 0x1F, 0x07,
    0xF8, 0x1F, 0x07, 0xF8, 0x1F, 0x03, 0xF8, 0x1F, 0x03, 0xF8, 0x1F, 0x01, 0xF8, 0x00, 0xFE, 0x00,
    0x07, 0xFF, 0xC0, 0x0F, 0xFF, 0xE0, 0x1F, 0xFF, 0xF0, 0x3F, 0x83, 0xF8, 0x3F, 0x01, 0xF8, 0x7E,
    0x00, 0xFC, 0x7C, 0x00, 0x7C, 0x7C, 0x00, 0x7C, 0x7C, 0x00, 0x7C, 0x7C, 0x00, 0x7C, 0x7C, 0x00,
    0x7C, 0x7C, 0x00, 0x7C, 0x7E, 0x00, 0xFC, 0x3F, 0x01, 0xF8, 0x3F, 0x83, 0xF8, 0x1F, 0xFF, 0xF0,
    0x0F, 0xFF, 0xE0, 0x07, 0xFF, 0xC0, 0x00, 0xFF, 0x00, 0x1F, 0xFF, 0x00, 0x1F, 0xFF, 0xC0, 0x1F,
    0xFF, 0xE0, 0x1F, 0xFF, 0xE0, 0x1F, 0x03, 0xF0, 0x1F, 0x01, 0xF0, 0x1F, 0x01, 0xF0, 0x1F, 0x01,
    0xF0, 0x1F, 0x03, 0xF0, 0x1F, 0xFF, 0xE0, 0x1F, 0xFF, 0xE0, 0x1F, 0xFF, 0xC0, 0x1F, 0xFF, 0x00,
    0x1F, 0x00, 0x00, 0x1F, 0x00, 0x00, 0x1F, 0x00, 0x00, 0x1F, 0x00, 0x00, 0x1F, 0x00, 0x00, 0x1F,
    0x00, 0x00, 0x1F, 0x00, 0x00, 0x00, 0xFE, 0x00, 0x07, 0xFF, 0xC0, 0x0F, 0xFF, 0xE0, 0x1F, 0xFF,
    0xF0, 0x3F, 0x83, 0xF8, 0x3F, 0x01, 0xF8, 0x7E, 0x00, 0xFC, 0x7C, 0x00, 0x7C, 0x7C, 0x00, 0x7C,
    0x7C, 0x00, 0x7C, 0x7C, 0x00, 0x7C, 0x7C, 0x00, 0x7C, 0x7C, 0x00, 0x7C, 0x7E, 0x00, 0xFC, 0x3E,
    0x01, 0xF8, 0x3F, 0x83, 0xF8, 0x1F, 0xFF, 0xF0, 0x0F, 0xFF, 0xE0, 0x07, 0xFF, 0xC0, 0x00, 0xFF,
    0x80, 0x00, 0x0F, 0xC0, 0x00, 0x07, 0xE0, 0x00, 0x03, 0xE0, 0x00, 0x01, 0xF0, 0x1F, 0xFE, 0x00,
    0x1F, 0xFF, 0x80, 0x1F, 0xFF, 0xC0, 0x1F, 0xFF, 0xE0, 0x1F, 0x07, 0xE0, 0x1F, 0x03, 0xE0, 0x1F,
    0x03, 0xE0, 0x1F, 0x03, 0xE0, 0x1F, 0x07, 0xC0, 0x1F, 0xFF, 0xC0, 0x1F, 0xFF, 0x00, 0x1F, 0xFF,
    0x00, 0x1F, 0xFF, 0x80, 0x1F, 0x0F, 0xC0, 0x1F, 0x07, 0xE0, 0x1F, 0x07, 0xE0, 0x1F, 0x03, 0xF0,
    0x1F, 0x01, 0xF0, 0x1F, 0x01, 0xF8, 0x1F, 0x00, 0xFC, 0x03, 0xFE, 0x00, 0x0F, 0xFF, 0x80, 0x1F,
    0xFF, 0x80, 0x3F, 0xFF, 0x80, 0x3F, 0x03, 0x80, 0x3E, 0x00, 0x80, 0x3E, 0x00, 0x00, 0x3F, 0x00,
    0x00, 0x1F, 0xF0, 0x00, 0x1F, 0xFE, 0x00, 0x07, 0xFF, 0x80, 0x00, 0xFF, 0x80, 0x00, 0x0F, 0xC0,
    0x00, 0x07, 0xC0, 0x20, 0x07, 0xC0, 0x3C, 0x0F, 0xC0, 0x3F, 0xFF, 0xC0, 0x3F, 0xFF, 0x80, 0x3F,
    0xFF, 0x00, 0x07, 0xFC, 0x00, 0xFF, 0xFF, 0xE0, 0xFF, 0xFF, 0xE0, 0xFF, 0xFF, 0xE0, 0xFF, 0xFF,
    0xE0, 0x01, 0xF0, 0x00, 0x01, 0xF0, 0x00, 0x01, 0xF0, 0x00, 0x01, 0xF0, 0x00, 0x01, 0xF0, 0x00,
    0x01, 0xF0, 0x00, 0x01, 0xF0, 0x00, 0x01, 0xF0, 0x00, 0x01, 0xF0, 0x00, 0x01, 0xF0, 0x00, 0x01,
    0xF0, 0x00, 0x01, 0xF0, 0x00, 0x01, 0xF0, 0x00, 0x01, 0xF0, 0x00, 0x01, 0xF0, 0x00, 0x01, 0xF0,
    0x00, 0x1F, 0x00, 0xF8, 0x1F, 0x00, 0xF8, 0x1F, 0x00, 0xF8, 0x1F, 0x00, 0xF8, 0x1F, 0x00, 0xF8,
    0x1F, 0x00, 0xF8, 0x1F, 0x00, 0xF8, 0x1F, 0x00, 0xF8, 0x1F, 0x00, 0xF8, 0x1F, 0x00, 0xF8, 0x1F,
    0x00, 0xF8, 0x1F, 0x00, 0xF8, 0x1F, 0x00, 0xF8, 0x1F, 0x00, 0xF8, 0x1F, 0x81, 0xF8, 0x0F, 0xC3,
    0xF0, 0x0F, 0xFF, 0xF0, 0x07, 0xFF, 0xE0, 0x03, 0xFF, 0xC0, 0x00, 0xFF, 0x00, 0xFC, 0x01, 0xF8,
    0x7C, 0x01, 0xF0, 0x7C, 0x01, 0xF0, 0x7E, 0x03, 0xF0, 0x3E, 0x03, 0xE0, 0x3E, 0x03, 0xE0, 0x3F,
    0x07, 0xE0, 0x1F, 0x07, 0xC0, 0x1F, 0x0F, 0xC0, 0x0F, 0x8F, 0x80, 0x0F, 0x8F, 0x80, 0x0F, 0xDF,
    0x80, 0x07, 0xDF, 0x00, 0x07, 0xDF, 0x00, 0x07, 0xFF, 0x00, 0x03, 0xFE, 0x00, 0x03, 0xFE, 0x00,
    0x03, 0xFE, 0x00, 0x01, 0xFC, 0x00, 0x01, 0xFC, 0x00, 0x7C, 0x07, 0xC0, 0x7C, 0x7E, 0x07, 0xC0,
    0xFC, 0x3E, 0x0F, 0xE0, 0xF8, 0x3E, 0x0E, 0xE0, 0xF8, 0x3E, 0x0E, 0xE0, 0xF8, 0x3E, 0x0E, 0xE0,
    0xF8, 0x1F, 0x1E, 0x71, 0xF0, 0x1F, 0x1C, 0x71, 0xF0, 0x1F, 0x1C, 0x71, 0xF0, 0x1F, 0x1C, 0x71,
    0xF0, 0x0F, 0xBC, 0x7B, 0xF0, 0x0F, 0xB8, 0x3B, 0xE0, 0x0F, 0xB8, 0x3B, 0xE0, 0x0F, 0xB8, 0x3B,
    0xE0, 0x0F, 0xF8, 0x3F, 0xE0, 0x07, 0xF0, 0x1F, 0xC0, 0x07, 0xF0, 0x1F, 0xC0, 0x07, 0xF0, 0x1F,
    0xC0, 0x07, 0xF0, 0x1F, 0xC0, 0x03, 0xE0, 0x0F, 0x80, 0x7F, 0x01, 0xFC, 0x3F, 0x01, 0xF8, 0x1F,
    0x83, 0xF0, 0x0F, 0xC7, 0xE0, 0x0F, 0xEF, 0xE0, 0x07, 0xEF, 0xC0, 0x03, 0xFF, 0x80, 0x03, 0xFF,
    0x80, 0x01, 0xFF, 0x00, 0x00, 0xFE, 0x00, 0x00, 0xFE, 0x00, 0x01, 0xFF, 0x00, 0x03, 0xFF, 0x80,
    0x03, 0xFF, 0x80, 0x07, 0xEF, 0xC0, 0x0F, 0xC7, 0xE0, 0x1F, 0xC7, 0xF0, 0x1F, 0x83, 0xF0, 0x3F,
    0x01, 0xF8, 0x7E, 0x00, 0xFC, 0xFC, 0x01, 0xF8, 0x7E, 0x03, 0xF0, 0x3F, 0x07, 0xE0, 0x3F, 0x0F,
    0xE0, 0x1F, 0x8F, 0xC0, 0x0F, 0xDF, 0x80, 0x0F, 0xFF, 0x80, 0x07, 0xFF, 0x00, 0x03, 0xFE, 0x00,
    0x01, 0xFC, 0x00, 0x01, 0xFC, 0x00, 0x00, 0xF8, 0x00, 0x00, 0xF8, 0x00, 0x00, 0xF8, 0x00, 0x00,
    0xF8, 0x00, 0x00, 0xF8, 0x00, 0x00, 0xF8, 0x00, 0x00, 0xF8, 0x00, 0x00, 0xF8, 0x00, 0x00, 0xF8,
    0x00, 0x7F, 0xFF, 0xE0, 0x7F, 0xFF, 0xE0, 0x7F, 0xFF, 0xE0, 0x7F, 0xFF, 0xE0, 0x00, 0x1F, 0xC0,
    0x00, 0x3F, 0x80, 0x00, 0x7F, 0x00, 0x00, 0x7E, 0x00, 0x00, 0xFC, 0x00, 0x01, 0xFC, 0x00, 0x03,
    0xF8, 0x00, 0x07, 0xF0, 0x00, 0x07, 0xE0, 0x00, 0x0F, 0xC0, 0x00, 0x1F, 0x80, 0x00, 0x3F, 0x80,
    0x00, 0x7F, 0xFF, 0xE0, 0x7F, 0xFF, 0xE0, 0x7F, 0xFF, 0xE0, 0x7F, 0xFF, 0xE0, 0x3F, 0xE0, 0x3F,
    0xE0, 0x3F, 0xE0, 0x3E, 0x00, 0x3E, 0x00, 0x3E, 0x00, 0x3E, 0x00, 0x3E, 0x00, 0x3E, 0x00, 0x3E,
    0x00, 0x3E, 0x00, 0x3E, 0x00, 0x3E, 0x00, 0x3E, 0x00, 0x3E, 0x00, 0x3E, 0x00, 0x3E, 0x00, 0x3E,
    0x00, 0x3E, 0x00, 0x3E, 0x00, 0x3E, 0x00, 0x3E, 0x00, 0x3F, 0xE0, 0x3F, 0xE0, 0x3F, 0xE0, 0xE0,
    0x00, 0xE0, 0x00, 0x70, 0x00, 0x70, 0x00, 0x70, 0x00, 0x38, 0x00, 0x38, 0x00, 0x38, 0x00, 0x1C,
    0x00, 0x1C, 0x00, 0x1C, 0x00, 0x0C, 0x00, 0x0E, 0x00, 0x0E, 0x00, 0x0E, 0x00, 0x07, 0x00, 0x07,
    0x00, 0x07, 0x00, 0x03, 0x80, 0x03, 0x80, 0x03, 0x80, 0x01, 0xC0, 0x01, 0xC0, 0x3F, 0xE0, 0x3F,
    0xE0, 0x3F, 0xE0, 0x03, 0xE0, 0x03, 0xE0, 0x03, 0xE0, 0x03, 0xE0, 0x03, 0xE0, 0x03, 0xE0, 0x03,
    0xE0, 0x03, 0xE0, 0x03, 0xE0, 0x03, 0xE0, 0x03, 0xE0, 0x03, 0xE0, 0x03, 0xE0, 0x03, 0xE0, 0x03,
    0xE0, 0x03, 0xE0, 0x03, 0xE0, 0x03, 0xE0, 0x03, 0xE0, 0x3F, 0xE0, 0x3F, 0xE0, 0x3F, 0xE0, 0x00,
    0x3C, 0x00, 0x00, 0x7E, 0x00, 0x00, 0xFF, 0x00, 0x01, 0xFF, 0x80, 0x03, 0xE7, 0xC0, 0x07, 0xC3,
    0xE0, 0x0F, 0x00, 0xF0, 0x1E, 0x00, 0x78, 0x00, 0x00, 0x00, 0x00, 0x00, 0x00, 0x00, 0x00, 0x00,
    0x00, 0x00, 0x00, 0x00, 0x00, 0x00, 0x00, 0x00, 0x00, 0x00, 0x00, 0x00, 0x00, 0x00, 0x00, 0x00,
    0x00, 0x00, 0x00, 0x00, 0x00, 0x00, 0x00, 0x00, 0x00, 0x00, 0x00, 0x00, 0x00, 0x00, 0x00, 0x00,
    0x00, 0x00, 0x00, 0xFF, 0xFC, 0xFF, 0xFC, 0xFF, 0xFC, 0x38, 0x00, 0x1C, 0x00, 0x0E, 0x00, 0x07,
    0x00, 0x03, 0x80, 0x00, 0x00, 0x00, 0x00, 0x00, 0x00, 0x00, 0x00, 0x00, 0x00, 0x00, 0x00, 0x00,
    0x00, 0x00, 0x00, 0x00, 0x00, 0x00, 0x00, 0x00, 0x00, 0x00, 0x00, 0x00, 0x00, 0x00, 0x00, 0x00,
    0x00, 0x00, 0x00, 0x00, 0x00, 0x0F, 0xF0, 0x00, 0x3F, 0xFC, 0x00, 0x3F, 0xFE, 0x00, 0x20, 0x3F,
    0x00, 0x00, 0x1F, 0x00, 0x0F, 0xFF, 0x00, 0x3F, 0xFF, 0x00, 0x3F, 0xFF, 0x00, 0x7E, 0x1F, 0x00,
    0x7C, 0x1F, 0x00, 0x7C, 0x1F, 0x00, 0x7E, 0x3F, 0x00, 0x3F, 0xFF, 0x00, 0x3F, 0xDF, 0x00, 0x0F,
    0x1F, 0x00, 0x3E, 0x00, 0x00, 0x3E, 0x00, 0x00, 0x3E, 0x00, 0x00, 0x3E, 0x00, 0x00, 0x3E, 0x00,
    0x00, 0x3E, 0x00, 0x00, 0x3E, 0x3C, 0x00, 0x3E, 0xFF, 0x00, 0x3F, 0xFF, 0x80, 0x3F, 0x0F, 0x80,
    0x3F, 0x0F, 0xC0, 0x3E, 0x07, 0xC0, 0x3E, 0x07, 0xC0, 0x3E, 0x07, 0xC0, 0x3E, 0x07, 0xC0, 0x3E,
    0x07, 0xC0, 0x3F, 0x0F, 0xC0, 0x3F, 0x0F, 0x80, 0x3F, 0xFF, 0x80, 0x3E, 0xFF, 0x00, 0x3E, 0x7C,
    0x00, 0x03, 0xFC, 0x00, 0x0F, 0xFE, 0x00, 0x1F, 0xFE, 0x00, 0x3F, 0x02, 0x00, 0x3E, 0x00, 0x00,
    0x7C, 0x00, 0x00, 0x7C, 0x00, 0x00, 0x7C, 0x00, 0x00, 0x7C, 0x00, 0x00, 0x7C, 0x00, 0x00, 0x3E,
    0x00, 0x00, 0x3F, 0x02, 0x00, 0x1F, 0xFE, 0x00, 0x0F, 0xFE, 0x00, 0x03, 0xFC, 0x00, 0x00, 0x0F,
    0x80, 0x00, 0x0F, 0x80, 0x00, 0x0F, 0x80, 0x00, 0x0F, 0x80, 0x00, 0x0F, 0x80, 0x00, 0x0F, 0x80,
    0x07, 0x8F, 0x80, 0x1F, 0xEF, 0x80, 0x3F, 0xFF, 0x80, 0x3E, 0x1F, 0x80, 0x7E, 0x1F, 0x80, 0x7C,
    0x0F, 0x80, 0x7C, 0x0F, 0x80, 0x7C, 0x0F, 0x80, 0x7C, 0x0F, 0x80, 0x7C, 0x0F, 0x80, 0x7E, 0x1F,
    0x80, 0x3E, 0x1F, 0x80, 0x3F, 0xFF, 0x80, 0x1F, 0xEF, 0x80, 0x07, 0x8F, 0x80, 0x03, 0xF0, 0x00,
    0x0F, 0xFC, 0x00, 0x1F, 0xFE, 0x00, 0x3E, 0x1F, 0x00, 0x7E, 0x0F, 0x00, 0x7C, 0x0F, 0x80, 0x7F,
    0xFF, 0x80, 0x7F, 0xFF, 0x80, 0x7F, 0xFF, 0x80, 0x7C, 0x00, 0x00, 0x7C, 0x00, 0x00, 0x3F, 0x03,
    0x00, 0x1F, 0xFF, 0x00, 0x0F, 0xFF, 0x00, 0x03, 0xFC, 0x00, 0x03, 0xF8, 0x0F, 0xF8, 0x1F, 0xF8,
    0x1F, 0x00, 0x1F, 0x00, 0x1F, 0x00, 0x7F, 0xF0, 0x7F, 0xF0, 0x7F, 0xF0, 0x1F, 0x00, 0x1F, 0x00,
    0x1F, 0x00, 0x1F, 0x00, 0x1F, 0x00, 0x1F, 0x00, 0x1F, 0x00, 0x1F, 0x00, 0x1F, 0x00, 0x1F, 0x00,
    0x1F, 0x00, 0x1F, 0x00, 0x07, 0x8F, 0x80, 0x1F, 0xEF, 0x80, 0x3F, 0xFF, 0x80, 0x3E, 0x1F, 0x80,
    0x7E, 0x1F, 0x80, 0x7C, 0x0F, 0x80, 0x7C, 0x0F, 0x80, 0x7C, 0x0F, 0x80, 0x7C, 0x0F, 0x80, 0x7C,
    0x0F, 0x80, 0x7E, 0x1F, 0x80, 0x3E, 0x1F, 0x80, 0x3F, 0xFF, 0x80, 0x1F, 0xEF, 0x80, 0x07, 0x8F,
    0x80, 0x00, 0x0F, 0x80, 0x00, 0x1F, 0x00, 0x10, 0x3F, 0x00, 0x1F, 0xFE, 0x00, 0x1F, 0xFC, 0x00,
    0x0F, 0xF0, 0x00, 0x3E, 0x00, 0x00, 0x3E, 0x00, 0x00, 0x3E, 0x00, 0x00, 0x3E, 0x00, 0x00, 0x3E,
    0x00, 0x00, 0x3E, 0x00, 0x00, 0x3E, 0x3C, 0x00, 0x3E, 0xFF, 0x00, 0x3F, 0xFF, 0x00, 0x3F, 0x1F,
    0x80, 0x3F, 0x0F, 0x80, 0x3E, 0x0F, 0x80, 0x3E, 0x0F, 0x80, 0x3E, 0x0F, 0x80, 0x3E, 0x0F, 0x80,
    0x3E, 0x0F, 0x80, 0x3E, 0x0F, 0x80, 0x3E, 0x0F, 0x80, 0x3E, 0x0F, 0x80, 0x3E, 0x0F, 0x80, 0x3E,
    0x0F, 0x80, 0x3E, 0x00, 0x3E, 0x00, 0x3E, 0x00, 0x3E, 0x00, 0x00, 0x00, 0x00, 0x00, 0x3E, 0x00,
    0x3E, 0x00, 0x3E, 0x00, 0x3E, 0x00, 0x3E, 0x00, 0x3E, 0x00, 0x3E, 0x00, 0x3E, 0x00, 0x3E, 0x00,
    0x3E, 0x00, 0x3E, 0x00, 0x3E, 0x00, 0x3E, 0x00, 0x3E, 0x00, 0x3E, 0x00, 0x1F, 0x00, 0x1F, 0x00,
    0x1F, 0x00, 0x1F, 0x00, 0x00, 0x00, 0x00, 0x00, 0x1F, 0x00, 0x1F, 0x00, 0x1F, 0x00, 0x1F, 0x00,
    0x1F, 0x00, 0x1F, 0x00, 0x1F, 0x00, 0x1F, 0x00, 0x1F, 0x00, 0x1F, 0x00, 0x1F, 0x00, 0x1F, 0x00,
    0x1F, 0x00, 0x1F, 0x00, 0x1F, 0x00, 0x1F, 0x00, 0x1F, 0x00, 0x3F, 0x00, 0xFE, 0x00, 0xFC, 0x00,
    0xF8, 0x00, 0x3E, 0x00, 0x00, 0x3E, 0x00, 0x00, 0x3E, 0x00, 0x00, 0x3E, 0x00, 0x00, 0x3E, 0x00,
    0x00, 0x3E, 0x00, 0x00, 0x3E, 0x0F, 0x80, 0x3E, 0x1F, 0x00, 0x3E, 0x3E, 0x00, 0x3E, 0x7C, 0x00,
    0x3E, 0xF8, 0x00, 0x3F, 0xF0, 0x00, 0x3F, 0xE0, 0x00, 0x3F, 0xE0, 0x00, 0x3F, 0xF0, 0x00, 0x3E,
    0xF8, 0x00, 0x3E, 0x7C, 0x00, 0x3E, 0x3E, 0x00, 0x3E, 0x1F, 0x00, 0x3E, 0x0F, 0x80, 0x3E, 0x07,
    0xE0, 0x3E, 0x00, 0x3E, 0x00, 0x3E, 0x00, 0x3E, 0x00, 0x3E, 0x00, 0x3E, 0x00, 0x3E, 0x00, 0x3E,
    0x00, 0x3E, 0x00, 0x3E, 0x00, 0x3E, 0x00, 0x3E, 0x00, 0x3E, 0x00, 0x3E, 0x00, 0x3E, 0x00, 0x3E,
    0x00, 0x3E, 0x00, 0x3E, 0x00, 0x3E, 0x00, 0x3E, 0x00, 0x3E, 0x00, 0x3E, 0x3C, 0x1F, 0x00, 0x3E,
    0xFE, 0x3F, 0xC0, 0x3F, 0xFF, 0x7F, 0xC0, 0x3F, 0x1F, 0xC7, 0xE0, 0x3F, 0x0F, 0xC3, 0xE0, 0x3E,
    0x0F, 0x83, 0xE0, 0x3E, 0x0F, 0x83, 0xE0, 0x3E, 0x0F, 0x83, 0xE0, 0x3E, 0x0F, 0x83, 0xE0, 0x3E,
    0x0F, 0x83, 0xE0, 0x3E, 0x0F, 0x83, 0xE0, 0x3E, 0x0F, 0x83, 0xE0, 0x3E, 0x0F, 0x83, 0xE0, 0x3E,
    0x0F, 0x83, 0xE0, 0x3E, 0x0F, 0x83, 0xE0, 0x3E, 0x3C, 0x00, 0x3E, 0xFF, 0x00, 0x3F, 0xFF, 0x00,
    0x3F, 0x1F, 0x80, 0x3F, 0x0F, 0x80, 0x3E, 0x0F, 0x80, 0x3E, 0x0F, 0x80, 0x3E, 0x0F, 0x80, 0x3E,
    0x0F, 0x80, 0x3E, 0x0F, 0x80, 0x3E, 0x0F, 0x80, 0x3E, 0x0F, 0x80, 0x3E, 0x0F, 0x80, 0x3E, 0x0F,
    0x80, 0x3E, 0x0F, 0x80, 0x03, 0xF8, 0x00, 0x0F, 0xFE, 0x00, 0x1F, 0xFF, 0x00, 0x3F, 0x1F, 0x80,
    0x3E, 0x0F, 0xC0, 0x7C, 0x07, 0xC0, 0x7C, 0x07, 0xC0, 0x7C, 0x07, 0xC0, 0x7C, 0x07, 0xC0, 0x7C,
    0x07, 0xC0, 0x7E, 0x0F, 0xC0, 0x3F, 0x1F, 0x80, 0x1F, 0xFF, 0x00, 0x0F, 0xFE, 0x00, 0x03, 0xF8,
    0x00, 0x3E, 0x3C, 0x00, 0x3E, 0xFF, 0x00, 0x3F, 0xFF, 0x80, 0x3F, 0x0F, 0x80, 0x3F, 0x0F, 0xC0,
    0x3E, 0x07, 0xC0, 0x3E, 0x07, 0xC0, 0x3E, 0x07, 0xC0, 0x3E, 0x07, 0xC0, 0x3E, 0x07, 0xC0, 0x3F,
    0x0F, 0xC0, 0x3F, 0x0F, 0x80, 0x3F, 0xFF, 0x80, 0x3E, 0xFF, 0x00, 0x3E, 0x7C, 0x00, 0x3E, 0x00,
    0x00, 0x3E, 0x00, 0x00, 0x3E, 0x00, 0x00, 0x3E, 0x00, 0x00, 0x3E, 0x00, 0x00, 0x3E, 0x00, 0x00,
    0x07, 0x8F, 0x80, 0x1F, 0xEF, 0x80, 0x3F, 0xFF, 0x80, 0x3E, 0x1F, 0x80, 0x7E, 0x1F, 0x80, 0x7C,
    0x0F, 0x80, 0x7C, 0x0F, 0x80, 0x7C, 0x0F, 0x80, 0x7C, 0x0F, 0x80, 0x7C, 0x0F, 0x80, 0x7E, 0x1F,
    0x80, 0x3E, 0x1F, 0x80, 0x3F, 0xFF, 0x80, 0x1F, 0xEF, 0x80, 0x07, 0x8F, 0x80, 0x00, 0x0F, 0x80,
    0x00, 0x0F, 0x80, 0x00, 0x0F, 0x80, 0x00, 0x0F, 0x80, 0x00, 0x0F, 0x80, 0x00, 0x0F, 0x80, 0x3E,
    0x78, 0x3E, 0xF8, 0x3F, 0xF8, 0x3F, 0xF8, 0x3F, 0x88, 0x3F, 0x00, 0x3E, 0x00, 0x3E, 0x00, 0x3E,
    0x00, 0x3E, 0x00, 0x3E, 0x00, 0x3E, 0x00, 0x3E, 0x00, 0x3E, 0x00, 0x3E, 0x00, 0x0F, 0xF0, 0x00,
    0x3F, 0xFC, 0x00, 0x7F, 0xFC, 0x00, 0x7E, 0x0C, 0x00, 0x7C, 0x00, 0x00, 0x7C, 0x00, 0x00, 0x7F,
    0xC0, 0x00, 0x3F, 0xF8, 0x00, 0x0F, 0xFC, 0x00, 0x00, 0x7E, 0x00, 0x00, 0x3E, 0x00, 0x60, 0x3E,
    0x00, 0x7F, 0xFC, 0x00, 0x7F, 0xFC, 0x00, 0x1F, 0xF0, 0x00, 0x3E, 0x00, 0x3E, 0x00, 0x3E, 0x00,
    0x3E, 0x00, 0x3E, 0x00, 0xFF, 0xF0, 0xFF, 0xF0, 0xFF, 0xF0, 0x3E, 0x00, 0x3E, 0x00, 0x3E, 0x00,
    0x3E, 0x00, 0x3E, 0x00, 0x3E, 0x00, 0x3E, 0x00, 0x3E, 0x00, 0x3E, 0x00, 0x3F, 0xF0, 0x1F, 0xF0,
    0x0F, 0xF0, 0x3E, 0x0F, 0x80, 0x3E, 0x0F, 0x80, 0x3E, 0x0F, 0x80, 0x3E, 0x0F, 0x80, 0x3E, 0x0F,
    0x80, 0x3E, 0x0F, 0x80, 0x3E, 0x0F, 0x80, 0x3E, 0x0F, 0x80, 0x3E, 0x0F, 0x80, 0x3E, 0x0F, 0x80,
    0x3E, 0x1F, 0x80, 0x3F, 0x1F, 0x80, 0x1F, 0xFF, 0x80, 0x1F, 0xEF, 0x80, 0x07, 0x8F, 0x80, 0xFC,
    0x1F, 0x80, 0x7C, 0x1F, 0x00, 0x7C, 0x1F, 0x00, 0x7E, 0x3F, 0x00, 0x3E, 0x3E, 0x00, 0x3F, 0x7E,
    0x00, 0x1F, 0x7C, 0x00, 0x1F, 0x7C, 0x00, 0x1F, 0xFC, 0x00, 0x0F, 0xF8, 0x00, 0x0F, 0xF8, 0x00,
    0x0F, 0xF0, 0x00, 0x07, 0xF0, 0x00, 0x07, 0xF0, 0x00, 0x03, 0xE0, 0x00, 0x7C, 0x1E, 0x0F, 0x80,
    0x7E, 0x1E, 0x1F, 0x80, 0x3E, 0x3F, 0x1F, 0x00, 0x3E, 0x3F, 0x1F, 0x00, 0x3E, 0x3F, 0x1F, 0x00,
    0x3F, 0x3F, 0x3F, 0x00, 0x1F, 0x73, 0xBE, 0x00, 0x1F, 0x73, 0xBE, 0x00, 0x1F, 0x73, 0xBE, 0x00,
    0x0F, 0xF3, 0xFC, 0x00, 0x0F, 0xE1, 0xFC, 0x00, 0x0F, 0xE1, 0xFC, 0x00, 0x0F, 0xE1, 0xFC, 0x00,
    0x07, 0xE1, 0xF8, 0x00, 0x07, 0xC0, 0xF8, 0x00, 0xFE, 0x3F, 0x80, 0x7E, 0x3F, 0x00, 0x3F, 0x7E,
    0x00, 0x1F, 0xFC, 0x00, 0x1F, 0xFC, 0x00, 0x0F, 0xF8, 0x00, 0x07, 0xF0, 0x00, 0x07, 0xF0, 0x00,
    0x07, 0xF0, 0x00, 0x0F, 0xF8, 0x00, 0x1F, 0xFC, 0x00, 0x1F, 0xFC, 0x00, 0x3F, 0x7E, 0x00, 0x7E,
    0x3F, 0x00, 0xFE, 0x3F, 0x80, 0xFC, 0x1F, 0x80, 0x7C, 0x1F, 0x00, 0x7C, 0x1F, 0x00, 0x7E, 0x3F,
    0x00, 0x3E, 0x3E, 0x00, 0x3F, 0x3E, 0x00, 0x1F, 0x7E, 0x00, 0x1F, 0xFC, 0x00, 0x0F, 0xFC, 0x00,
    0x0F, 0xF8, 0x00, 0x0F, 0xF8, 0x00, 0x07, 0xF8, 0x00, 0x07, 0xF0, 0x00, 0x03, 0xF0, 0x00, 0x03,
    0xF0, 0x00, 0x03, 0xE0, 0x00, 0x07, 0xE0, 0x00, 0x07, 0xC0, 0x00, 0x3F, 0xC0, 0x00, 0x3F, 0x80,
    0x00, 0x3F, 0x00, 0x00, 0x7F, 0xFE, 0x7F, 0xFE, 0x7F, 0xFE, 0x00, 0xFE, 0x01, 0xFC, 0x03, 0xF8,
    0x03, 0xF0, 0x07, 0xE0, 0x0F, 0xE0, 0x1F, 0xC0, 0x3F, 0x80, 0x7F, 0x00, 0x7F, 0xFE, 0x7F, 0xFE,
    0x7F, 0xFE, 0x00, 0x1F, 0x80, 0x00, 0x7F, 0x80, 0x00, 0xFF, 0x80, 0x00, 0xFC, 0x00, 0x00, 0xF8,
    0x00, 0x00, 0xF8, 0x00, 0x00, 0xF8, 0x00, 0x00, 0xF8, 0x00, 0x00, 0xF8, 0x00, 0x00, 0xF8, 0x00,
    0x00, 0xF8, 0x00, 0x01, 0xF8, 0x00, 0x0F, 0xF0, 0x00, 0x0F, 0xE0, 0x00, 0x0F, 0xF0, 0x00, 0x01,
    0xF8, 0x00, 0x00, 0xF8, 0x00, 0x00, 0xF8, 0x00, 0x00, 0xF8, 0x00, 0x00, 0xF8, 0x00, 0x00, 0xF8,
    0x00, 0x00, 0xF8, 0x00, 0x00, 0xFC, 0x00, 0x00, 0xFF, 0x80, 0x00, 0x7F, 0x80, 0x00, 0x1F, 0x80,
    0x0E, 0x00, 0x0E, 0x00, 0x0E, 0x00, 0x0E, 0x00, 0x0E, 0x00, 0x0E, 0x00, 0x0E, 0x00, 0x0E, 0x00,
    0x0E, 0x00, 0x0E, 0x00, 0x0E, 0x00, 0x0E, 0x00, 0x0E, 0x00, 0x0E, 0x00, 0x0E, 0x00, 0x0E, 0x00,
    0x0E, 0x00, 0x0E, 0x00, 0x0E, 0x00, 0x0E, 0x00, 0x0E, 0x00, 0x0E, 0x00, 0x0E, 0x00, 0x0E, 0x00,
    0x0E, 0x00, 0x0E, 0x00, 0x0E, 0x00, 0x0E, 0x00, 0x0F, 0xC0, 0x00, 0x0F, 0xF0, 0x00, 0x0F, 0xF8,
    0x00, 0x01, 0xF8, 0x00, 0x00, 0xF8, 0x00, 0x00, 0xF8, 0x00, 0x00, 0xF8, 0x00, 0x00, 0xF8, 0x00,
    0x00, 0xF8, 0x00, 0x00, 0xF8, 0x00, 0x00, 0xF8, 0x00, 0x00, 0xFC, 0x00, 0x00, 0x7F, 0x80, 0x00,
    0x1F, 0x80, 0x00, 0x7F, 0x80, 0x00, 0xFC, 0x00, 0x00, 0xF8, 0x00, 0x00, 0xF8, 0x00, 0x00, 0xF8,
    0x00, 0x00, 0xF8, 0x00, 0x00, 0xF8, 0x00, 0x00, 0xF8, 0x00, 0x01, 0xF8, 0x00, 0x0F, 0xF8, 0x00,
    0x0F, 0xF0, 0x00, 0x0F, 0xC0, 0x00, 0x03, 0xE0, 0x08, 0x0F, 0xFC, 0x38, 0x1F, 0xFF, 0xF8, 0x1C,
    0x3F, 0xF0, 0x10, 0x07, 0xC0, 0x00, 0x00, 0x00, 0x00, 0x00, 0x00, 0x00, 0x00, 0x00, 0x00, 0x00,
    0x00, 0x00, 0x00, 0x00, 0x00, 0x00, 0x00, 0x00, 0x00, 0x00, 0x0F, 0x80, 0x0F, 0x80, 0x0F, 0x80,
    0x0F, 0x80, 0x0F, 0x80, 0x00, 0x00, 0x00, 0x00, 0x07, 0x00, 0x0F, 0x00, 0x0F, 0x80, 0x0F, 0x80,
    0x0F, 0x80, 0x0F, 0x80, 0x0F, 0x80, 0x0F, 0x80, 0x0F, 0x80, 0x0F, 0x80, 0x0F, 0x80, 0x0F, 0x80,
    0x0F, 0x80, 0x00, 0x60, 0x00, 0x00, 0x60, 0x00, 0x00, 0x60, 0x00, 0x00, 0x60, 0x00, 0x01, 0xFC,
    0x00, 0x07, 0xFE, 0x00, 0x0F, 0xFE, 0x00, 0x1F, 0xE2, 0x00, 0x3F, 0x60, 0x00, 0x3E, 0x60, 0x00,
    0x3E, 0x60, 0x00, 0x3E, 0x60, 0x00, 0x3E, 0x60, 0x00, 0x3E, 0x60, 0x00, 0x1F, 0x60, 0x00, 0x1F,
    0xE2, 0x00, 0x0F, 0xFE, 0x00, 0x07, 0xFE, 0x00, 0x01, 0xFC, 0x00, 0x00, 0x60, 0x00, 0x00, 0x60,
    0x00, 0x00, 0x60, 0x00, 0x00, 0x60, 0x00, 0x00, 0x7F, 0x00, 0x01, 0xFF, 0x80, 0x03, 0xFF, 0x80,
    0x03, 0xFF, 0x80, 0x07, 0xE0, 0x80, 0x07, 0xC0, 0x00, 0x07, 0xC0, 0x00, 0x07, 0xC0, 0x00, 0x07,
    0xC0, 0x00, 0x3F, 0xFE, 0x00, 0x3F, 0xFE, 0x00, 0x3F, 0xFE, 0x00, 0x07, 0xC0, 0x00, 0x07, 0xC0,
    0x00, 0x07, 0xC0, 0x00, 0x07, 0xC0, 0x00, 0x3F, 0xFF, 0x80, 0x3F, 0xFF, 0x80, 0x3F, 0xFF, 0x80,
    0x3F, 0xFF, 0x80, 0x10, 0x03, 0x00, 0x38, 0x07, 0x00, 0x7D, 0xEF, 0x80, 0x3F, 0xFF, 0x00, 0x1F,
    0xFE, 0x00, 0x0E, 0x1C, 0x00, 0x1C, 0x0E, 0x00, 0x1C, 0x0E, 0x00, 0x1C, 0x0E, 0x00, 0x1C, 0x0E,
    0x00, 0x0E, 0x1C, 0x00, 0x1F, 0xFE, 0x00, 0x3F, 0xFF, 0x00, 0x7D, 0xEF, 0x80, 0x78, 0x07, 0x00,
    0x10, 0x02, 0x00, 0x00, 0x00, 0x00, 0x00, 0x00, 0x00, 0xFC, 0x07, 0xE0, 0x7E, 0x0F, 0xC0, 0x3F,
    0x1F, 0x80, 0x3F, 0x3F, 0x80, 0x1F, 0xBF, 0x00, 0x0F, 0xFE, 0x00, 0x07, 0xFE, 0x00, 0x7F, 0xFF,
    0xC0, 0x7F, 0xFF, 0xC0, 0x7F, 0xFF, 0xC0, 0x01, 0xF0, 0x00, 0x01, 0xF0, 0x00, 0x7F, 0xFF, 0xC0,
    0x7F, 0xFF, 0xC0, 0x7F, 0xFF, 0xC0, 0x01, 0xF0, 0x00, 0x01, 0xF0, 0x00, 0x01, 0xF0, 0x00, 0x01,
    0xF0, 0x00, 0x01, 0xF0, 0x00, 0x0E, 0x00, 0x0E, 0x00, 0x0E, 0x00, 0x0E, 0x00, 0x0E, 0x00, 0x0E,
    0x00, 0x0E, 0x00, 0x0E, 0x00, 0x0E, 0x00, 0x0E, 0x00, 0x00, 0x00, 0x00, 0x00, 0x00, 0x00, 0x00,
    0x00, 0x0E, 0x00, 0x0E, 0x00, 0x0E, 0x00, 0x0E, 0x00, 0x0E, 0x00, 0x0E, 0x00, 0x0E, 0x00, 0x0E,
    0x00, 0x0E, 0x00, 0x0E, 0x00, 0x07, 0xF0, 0x1F, 0xF8, 0x3F, 0xF8, 0x3C, 0x18, 0x3C, 0x00, 0x3F,
    0x00, 0x1F, 0xE0, 0x0F, 0xF8, 0x3F, 0xFC, 0x7C, 0xFE, 0x78, 0x3E, 0x78, 0x1E, 0x7C, 0x1E, 0x7F,
    0x1E, 0x3F, 0xFC, 0x1F, 0xF0, 0x07, 0xF8, 0x00, 0xFC, 0x00, 0x3C, 0x30, 0x3C, 0x3F, 0xFC, 0x3F,
    0xF8, 0x1F, 0xE0, 0x1C, 0xE0, 0x1C, 0xE0, 0x1C, 0xE0, 0x00, 0x00, 0x00, 0x00, 0x00, 0x00, 0x00,
    0x00, 0x00, 0x00, 0x00, 0x00, 0x00, 0x00, 0x00, 0x00, 0x00, 0x00, 0x00, 0x00, 0x00, 0x00, 0x00,
    0x00, 0x00, 0x00, 0x00, 0x00, 0x00, 0x00, 0x00, 0x00, 0x00, 0x00, 0x00, 0x00, 0x00, 0x00, 0x00,
    0x1F, 0x80, 0x00, 0x00, 0x7F, 0xE0, 0x00, 0x01, 0xE0, 0x78, 0x00, 0x03, 0x80, 0x1C, 0x00, 0x03,
    0x00, 0x0C, 0x00, 0x06, 0x0F, 0xC6, 0x00, 0x06, 0x3F, 0xC6, 0x00, 0x0C, 0x38, 0x43, 0x00, 0x0C,
    0x70, 0x03, 0x00, 0x0C, 0x70, 0x03, 0x00, 0x0C, 0x70, 0x03, 0x00, 0x0C, 0x70, 0x03, 0x00, 0x0C,
    0x38, 0x43, 0x00, 0x06, 0x3F, 0xC6, 0x00, 0x06, 0x0F, 0xC6, 0x00, 0x03, 0x00, 0x0C, 0x00, 0x03,
    0x80, 0x1C, 0x00, 0x01, 0xE0, 0x78, 0x00, 0x00, 0x7F, 0xE0, 0x00, 0x00, 0x1F, 0x80, 0x00, 0x0F,
    0xE0, 0x1F, 0xF8, 0x18, 0x3C, 0x00, 0x1C, 0x0F, 0xFC, 0x1F, 0xFC, 0x3C, 0x1C, 0x38, 0x3C, 0x38,
    0x7C, 0x1F, 0xFC, 0x0F, 0x9C, 0x00, 0x00, 0x00, 0x00, 0x3F, 0xFC, 0x3F, 0xFC, 0x3F, 0xFC, 0x00,
    0x00, 0x00, 0x00, 0x00, 0x00, 0x00, 0x00, 0x00, 0x81, 0x00, 0x01, 0x83, 0x00, 0x03, 0x87, 0x00,
    0x0F, 0x9F, 0x00, 0x1F, 0x3C, 0x00, 0x3C, 0x78, 0x00, 0x38, 0x70, 0x00, 0x3C, 0x78, 0x00, 0x1F,
    0x3C, 0x00, 0x0F, 0x9F, 0x00, 0x03, 0x87, 0x00, 0x01, 0x83, 0x00, 0x00, 0x81, 0x00, 0x00, 0x00,
    0x00, 0x00, 0x00, 0x00, 0x1F, 0xFF, 0xF8, 0x1F, 0xFF, 0xF8, 0x1F, 0xFF, 0xF8, 0x00, 0x00, 0x38,
    0x00, 0x00, 0x38, 0x00, 0x00, 0x38, 0x00, 0x00, 0x38, 0x00, 0x00, 0x38, 0x00, 0x00, 0x38, 0x00,
    0x00, 0x00, 0x00, 0x00, 0x00, 0x00, 0x00, 0x00, 0x3F, 0xE0, 0x3F, 0xE0, 0x3F, 0xE0, 0x3F, 0xE0,
    0x00, 0x00, 0x00, 0x00, 0x00, 0x00, 0x00, 0x00, 0x00, 0x00, 0x00, 0x00, 0x00, 0x1F, 0x80, 0x00,
    0x00, 0x7F, 0xE0, 0x00, 0x01, 0xE0, 0x78, 0x00, 0x03, 0x80, 0x1C, 0x00, 0x03, 0x00, 0x0C, 0x00,
    0x06, 0x3F, 0x06, 0x00, 0x06, 0x3F, 0xC6, 0x00, 0x0C, 0x39, 0xC3, 0x00, 0x0C, 0x39, 0xC3, 0x00,
    0x0C, 0x39, 0xC3, 0x00, 0x0C, 0x3F, 0x83, 0x00, 0x0C, 0x3F, 0x03, 0x00, 0x0C, 0x3B, 0x83, 0x00,
    0x06, 0x39, 0xC6, 0x00, 0x06, 0x39, 0xC6, 0x00, 0x03, 0x00, 0x0C, 0x00, 0x03, 0x80, 0x1C, 0x00,
    0x01, 0xE0, 0x78, 0x00, 0x00, 0x7F, 0xE0, 0x00, 0x00, 0x1F, 0x80, 0x00, 0x1F, 0xF0, 0x1F, 0xF0,
    0x1F, 0xF0, 0x00, 0x00, 0x00, 0x00, 0x00, 0x00, 0x00, 0x00, 0x00, 0x00, 0x00, 0x00, 0x00, 0x00,
    0x00, 0x00, 0x00, 0x00, 0x00, 0x00, 0x00, 0x00, 0x00, 0x00, 0x00, 0x00, 0x00, 0x00, 0x00, 0x00,
    0x00, 0x00, 0x00, 0x00, 0x00, 0x00, 0x0F, 0x80, 0x1F, 0xC0, 0x38, 0xE0, 0x30, 0x60, 0x30, 0x60,
    0x30, 0x60, 0x38, 0xE0, 0x1F, 0xC0, 0x0F, 0x80, 0x00, 0x00, 0x00, 0x00, 0x00, 0x00, 0x00, 0x00,
    0x00, 0x00, 0x00, 0x00, 0x00, 0x00, 0x00, 0x00, 0x00, 0x00, 0x00, 0x00, 0x00, 0x00, 0x00, 0x00,
    0x00, 0x38, 0x00, 0x00, 0x38, 0x00, 0x00, 0x38, 0x00, 0x00, 0x38, 0x00, 0x00, 0x38, 0x00, 0x1F,
    0xFF, 0xF0, 0x1F, 0xFF, 0xF0, 0x1F, 0xFF, 0xF0, 0x00, 0x38, 0x00, 0x00, 0x38, 0x00, 0x00, 0x38,
    0x00, 0x00, 0x38, 0x00, 0x00, 0x38, 0x00, 0x00, 0x00, 0x00, 0x00, 0x00, 0x00, 0x1F, 0xFF, 0xF0,
    0x1F, 0xFF, 0xF0, 0x1F, 0xFF, 0xF0, 0x3F, 0x00, 0x7F, 0x80, 0x41, 0xC0, 0x01, 0xC0, 0x01, 0xC0,
    0x03, 0x80, 0x07, 0x80, 0x0F, 0x00, 0x1C, 0x00, 0x78, 0x00, 0x7F, 0xC0, 0x7F, 0xC0, 0x00, 0x00,
    0x00, 0x00, 0x00, 0x00, 0x00, 0x00, 0x00, 0x00, 0x00, 0x00, 0x00, 0x00, 0x00, 0x00, 0x7F, 0x80,
    0x7F, 0xE0, 0x40, 0xE0, 0x00, 0xE0, 0x1F, 0xC0, 0x1F, 0xC0, 0x01, 0xE0, 0x00, 0xE0, 0x00, 0xE0,
    0x41, 0xE0, 0x7F, 0xC0, 0x7F, 0x80, 0x00, 0x00, 0x00, 0x00, 0x00, 0x00, 0x00, 0x00, 0x00, 0x00,
    0x00, 0x00, 0x00, 0x00, 0x00, 0x00, 0x00, 0x70, 0x00, 0xE0, 0x01, 0xC0, 0x03, 0x80, 0x07, 0x00,
    0x00, 0x00, 0x00, 0x00, 0x00, 0x00, 0x00, 0x00, 0x00, 0x00, 0x00, 0x00, 0x00, 0x00, 0x00, 0x00,
    0x00, 0x00, 0x00, 0x00, 0x00, 0x00, 0x00, 0x00, 0x00, 0x00, 0x00, 0x00, 0x00, 0x00, 0x00, 0x00,
    0x00, 0x00, 0x3E, 0x0F, 0x80, 0x3E, 0x0F, 0x80, 0x3E, 0x0F, 0x80, 0x3E, 0x0F, 0x80, 0x3E, 0x0F,
    0x80, 0x3E, 0x0F, 0x80, 0x3E, 0x0F, 0x80, 0x3E, 0x0F, 0x80, 0x3E, 0x0F, 0x80, 0x3E, 0x0F, 0x80,
    0x3E, 0x0F, 0x80, 0x3F, 0x1F, 0x80, 0x3F, 0xFF, 0xE0, 0x3F, 0xFF, 0xE0, 0x3E, 0xF3, 0xE0, 0x3E,
    0x00, 0x00, 0x3E, 0x00, 0x00, 0x3E, 0x00, 0x00, 0x3E, 0x00, 0x00, 0x3E, 0x00, 0x00, 0x3E, 0x00,
    0x00, 0x07, 0xFF, 0x00, 0x1F, 0xFF, 0x00, 0x3F, 0xC7, 0x00, 0x7F, 0xC7, 0x00, 0x7F, 0xC7, 0x00,
    0x7F, 0xC7, 0x00, 0x7F, 0xC7, 0x00, 0x7F, 0xC7, 0x00, 0x7F, 0xC7, 0x00, 0x3F, 0xC7, 0x00, 0x1F,
    0xC7, 0x00, 0x07, 0xC7, 0x00, 0x01, 0xC7, 0x00, 0x01, 0xC7, 0x00, 0x01, 0xC7, 0x00, 0x01, 0xC7,
    0x00, 0x01, 0xC7, 0x00, 0x01, 0xC7, 0x00, 0x01, 0xC7, 0x00, 0x01, 0xC7, 0x00, 0x01, 0xC7, 0x00,
    0x01, 0xC7, 0x00, 0x01, 0xC7, 0x00, 0x1F, 0x00, 0x1F, 0x00, 0x1F, 0x00, 0x1F, 0x00, 0x1F, 0x00,
    0x00, 0x00, 0x00, 0x00, 0x00, 0x00, 0x00, 0x00, 0x00, 0x00, 0x00, 0x00, 0x00, 0x00, 0x01, 0x80,
    0x00, 0xC0, 0x00, 0xC0, 0x0F, 0xC0, 0x0F, 0x80, 0x1F, 0x00, 0x3F, 0x00, 0x37, 0x00, 0x07, 0x00,
    0x07, 0x00, 0x07, 0x00, 0x07, 0x00, 0x07, 0x00, 0x07, 0x00, 0x07, 0x00, 0x3F, 0xE0, 0x3F, 0xE0,
    0x00, 0x00, 0x00, 0x00, 0x00, 0x00, 0x00, 0x00, 0x00, 0x00, 0x00, 0x00, 0x00, 0x00, 0x00, 0x00,
    0x07, 0xF0, 0x0F, 0xF8, 0x1E, 0x3C, 0x3C, 0x1E, 0x3C, 0x1E, 0x3C, 0x1E, 0x3C, 0x1E, 0x3C, 0x1E,
    0x1E, 0x3C, 0x0F, 0xF8, 0x07, 0xF0, 0x00, 0x00, 0x00, 0x00, 0x1F, 0xFC, 0x1F, 0xFC, 0x1F, 0xFC,
    0x00, 0x00, 0x00, 0x00, 0x00, 0x00, 0x00, 0x00, 0x10, 0x20, 0x00, 0x18, 0x30, 0x00, 0x1C, 0x38,
    0x00, 0x1F, 0x3E, 0x00, 0x07, 0x9F, 0x00, 0x03, 0xC7, 0x80, 0x01, 0xC3, 0x80, 0x03, 0xC7, 0x80,
    0x07, 0x9F, 0x00, 0x1F, 0x3E, 0x00, 0x1C, 0x38, 0x00, 0x18, 0x30, 0x00, 0x10, 0x20, 0x00, 0x00,
    0x00, 0x00, 0x00, 0x00, 0x00, 0x1F, 0x00, 0x1E, 0x00, 0x3F, 0x00, 0x3C, 0x00, 0x37, 0x00, 0x38,
    0x00, 0x07, 0x00, 0x78, 0x00, 0x07, 0x00, 0x70, 0x00, 0x07, 0x00, 0xF0, 0x00, 0x07, 0x01, 0xE0,
    0x00, 0x07, 0x01, 0xC0, 0x00, 0x07, 0x03, 0xC3, 0x80, 0x07, 0x03, 0x87, 0x80, 0x3F, 0xE7, 0x0F,
    0x80, 0x3F, 0xEF, 0x0F, 0x80, 0x00, 0x0E, 0x1B, 0x80, 0x00, 0x1E, 0x33, 0x80, 0x00, 0x3C, 0x73,
    0x80, 0x00, 0x38, 0x63, 0x80, 0x00, 0x78, 0x7F, 0xE0, 0x00, 0x70, 0x7F, 0xE0, 0x00, 0xE0, 0x03,
    0x80, 0x01, 0xE0, 0x03, 0x80, 0x1F, 0x00, 0x1E, 0x00, 0x3F, 0x00, 0x3C, 0x00, 0x37, 0x00, 0x38,
    0x00, 0x07, 0x00, 0x78, 0x00, 0x07, 0x00, 0x70, 0x00, 0x07, 0x00, 0xF0, 0x00, 0x07, 0x01, 0xE0,
    0x00, 0x07, 0x01, 0xC0, 0x00, 0x07, 0x03, 0xC0, 0x00, 0x07, 0x03, 0x9F, 0x80, 0x3F, 0xE7, 0x3F,
    0xC0, 0x3F, 0xEF, 0x20, 0xE0, 0x00, 0x0E, 0x00, 0xE0, 0x00, 0x1E, 0x00, 0xE0, 0x00, 0x3C, 0x01,
    0xC0, 0x00, 0x38, 0x03, 0xC0, 0x00, 0x78, 0x07, 0x80, 0x00, 0x70, 0x0E, 0x00, 0x00, 0xE0, 0x3C,
    0x00, 0x01, 0xE0, 0x3F, 0xE0, 0x00, 0x00, 0x3F, 0xE0, 0x7F, 0x80, 0x1E, 0x00, 0x7F, 0xE0, 0x3C,
    0x00, 0x40, 0xE0, 0x38, 0x00, 0x00, 0xE0, 0x78, 0x00, 0x1F, 0xC0, 0x70, 0x00, 0x1F, 0xC0, 0xF0,
    0x00, 0x01, 0xE1, 0xE0, 0x00, 0x00, 0xE1, 0xC0, 0x00, 0x00, 0xE3, 0xC3, 0x80, 0x41, 0xE3, 0x87,
    0x80, 0x7F, 0xC7, 0x0F, 0x80, 0x7F, 0x8F, 0x0F, 0x80, 0x00, 0x0E, 0x1B, 0x80, 0x00, 0x1E, 0x33,
    0x80, 0x00, 0x3C, 0x73, 0x80, 0x00, 0x38, 0x63, 0x80, 0x00, 0x78, 0x7F, 0xE0, 0x00, 0x70, 0x7F,
    0xE0, 0x00, 0xE0, 0x03, 0x80, 0x01, 0xE0, 0x03, 0x80, 0x01, 0xF0, 0x01, 0xF0, 0x01, 0xF0, 0x01,
    0xF0, 0x01, 0xF0, 0x00, 0x00, 0x00, 0x00, 0x01, 0xF0, 0x01, 0xF0, 0x03, 0xF0, 0x03, 0xE0, 0x07,
    0xE0, 0x1F, 0xC0, 0x1F, 0x80, 0x3F, 0x00, 0x3E, 0x00, 0x3E, 0x00, 0x3F, 0x06, 0x1F, 0xFE, 0x0F,
    0xFE, 0x07, 0xFE, 0x01, 0xC0, 0x00, 0x00, 0xE0, 0x00, 0x00, 0x70, 0x00, 0x00, 0x38, 0x00, 0x00,
    0x00, 0x00, 0x00, 0x00, 0x00, 0x01, 0xFC, 0x00, 0x01, 0xFC, 0x00, 0x03, 0xFE, 0x00, 0x03, 0xFE,
    0x00, 0x03, 0xFE, 0x00, 0x07, 0xFF, 0x00, 0x07, 0xDF, 0x00, 0x07, 0xDF, 0x00, 0x0F, 0xDF, 0x80,
    0x0F, 0x8F, 0x80, 0x0F, 0x8F, 0x80, 0x1F, 0x07, 0xC0, 0x1F, 0xFF, 0xC0, 0x3F, 0xFF, 0xE0, 0x3F,
    0xFF, 0xE0, 0x3F, 0xFF, 0xE0, 0x7E, 0x03, 0xF0, 0x7C, 0x01, 0xF0, 0x7C, 0x01, 0xF0, 0xFC, 0x01,
    0xF8, 0x00, 0x0E, 0x00, 0x00, 0x1C, 0x00, 0x00, 0x38, 0x00, 0x00, 0x70, 0x00, 0x00, 0x00, 0x00,
    0x00, 0x00, 0x00, 0x01, 0xFC, 0x00, 0x01, 0xFC, 0x00, 0x03, 0xFE, 0x00, 0x03, 0xFE, 0x00, 0x03,
    0xFE, 0x00, 0x07, 0xFF, 0x00, 0x07, 0xDF, 0x00, 0x07, 0xDF, 0x00, 0x0F, 0xDF, 0x80, 0x0F, 0x8F,
    0x80, 0x0F, 0x8F, 0x80, 0x1F, 0x07, 0xC0, 0x1F, 0xFF, 0xC0, 0x3F, 0xFF, 0xE0, 0x3F, 0xFF, 0xE0,
    0x3F, 0xFF, 0xE0, 0x7E, 0x03, 0xF0, 0x7C, 0x01, 0xF0, 0x7C, 0x01, 0xF0, 0xFC, 0x01, 0xF8, 0x00,
    0xF8, 0x00, 0x01, 0xFC, 0x00, 0x01, 0x9C, 0x00, 0x03, 0x06, 0x00, 0x00, 0x00, 0x00, 0x00, 0x00,
    0x00, 0x01, 0xFC, 0x00, 0x01, 0xFC, 0x00, 0x03, 0xFE, 0x00, 0x03, 0xFE, 0x00, 0x03, 0xFE, 0x00,
    0x07, 0xFF, 0x00, 0x07, 0xDF, 0x00, 0x07, 0xDF, 0x00, 0x0F, 0xDF, 0x80, 0x0F, 0x8F, 0x80, 0x0F,
    0x8F, 0x80, 0x1F, 0x07, 0xC0, 0x1F, 0xFF, 0xC0, 0x3F, 0xFF, 0xE0, 0x3F, 0xFF, 0xE0, 0x3F, 0xFF,
    0xE0, 0x7E, 0x03, 0xF0, 0x7C, 0x01, 0xF0, 0x7C, 0x01, 0xF0, 0xFC, 0x01, 0xF8, 0x01, 0xC6, 0x00,
    0x03, 0xE6, 0x00, 0x03, 0x3E, 0x00, 0x03, 0x1C, 0x00, 0x00, 0x00, 0x00, 0x00, 0x00, 0x00, 0x01,
    0xFC, 0x00, 0x01, 0xFC, 0x00, 0x03, 0xFE, 0x00, 0x03, 0xFE, 0x00, 0x03, 0xFE, 0x00, 0x07, 0xFF,
    0x00, 0x07, 0xDF, 0x00, 0x07, 0xDF, 0x00, 0x0F, 0xDF, 0x80, 0x0F, 0x8F, 0x80, 0x0F, 0x8F, 0x80,
    0x1F, 0x07, 0xC0, 0x1F, 0xFF, 0xC0, 0x3F, 0xFF, 0xE0, 0x3F, 0xFF, 0xE0, 0x3F, 0xFF, 0xE0, 0x7E,
    0x03, 0xF0, 0x7C, 0x01, 0xF0, 0x7C, 0x01, 0xF0, 0xFC, 0x01, 0xF8, 0x01, 0xDC, 0x00, 0x01, 0xDC,
    0x00, 0x01, 0xDC, 0x00, 0x00, 0x00, 0x00, 0x00, 0x00, 0x00, 0x00, 0x00, 0x00, 0x01, 0xFC, 0x00,
    0x01, 0xFC, 0x00, 0x03, 0xFE, 0x00, 0x03, 0xFE, 0x00, 0x03, 0xFE, 0x00, 0x07, 0xFF, 0x00, 0x07,
    0xDF, 0x00, 0x07, 0xDF, 0x00, 0x0F, 0xDF, 0x80, 0x0F, 0x8F, 0x80, 0x0F, 0x8F, 0x80, 0x1F, 0x07,
    0xC0, 0x1F, 0xFF, 0xC0, 0x3F, 0xFF, 0xE0, 0x3F, 0xFF, 0xE0, 0x3F, 0xFF, 0xE0, 0x7E, 0x03, 0xF0,
    0x7C, 0x01, 0xF0, 0x7C, 0x01, 0xF0, 0xFC, 0x01, 0xF8, 0x00, 0x70, 0x00, 0x00, 0xF8, 0x00, 0x01,
    0xDC, 0x00, 0x01, 0x8C, 0x00, 0x01, 0x8C, 0x00, 0x01, 0xDC, 0x00, 0x01, 0xFC, 0x00, 0x01, 0xFC,
    0x00, 0x01, 0xFC, 0x00, 0x03, 0xFE, 0x00, 0x03, 0xFE, 0x00, 0x03, 0xFE, 0x00, 0x07, 0xFF, 0x00,
    0x07, 0xDF, 0x00, 0x0F, 0xDF, 0x80, 0x0F, 0x8F, 0x80, 0x0F, 0x8F, 0x80, 0x1F, 0x8F, 0xC0, 0x1F,
    0xFF, 0xC0, 0x3F, 0xFF, 0xE0, 0x3F, 0xFF, 0xE0, 0x3F, 0xFF, 0xE0, 0x7E, 0x03, 0xF0, 0x7C, 0x01,
    0xF0, 0x7C, 0x01, 0xF0, 0xFC, 0x01, 0xF8, 0x00, 0xFF, 0xFF, 0xF0, 0x01, 0xFF, 0xFF, 0xF0, 0x01,
    0xFF, 0xFF, 0xF0, 0x01, 0xFF, 0xFF, 0xF0, 0x03, 0xF7, 0xC0, 0x00, 0x03, 0xE7, 0xC0, 0x00, 0x07,
    0xE7, 0xC0, 0x00, 0x07, 0xC7, 0xC0, 0x00, 0x07, 0xC7, 0xFF, 0xE0, 0x0F, 0xC7, 0xFF, 0xE0, 0x0F,
    0x87, 0xFF, 0xE0, 0x1F, 0xFF, 0xFF, 0xE0, 0x1F, 0xFF, 0xC0, 0x00, 0x1F, 0xFF, 0xC0, 0x00, 0x3F,
    0xFF, 0xC0, 0x00, 0x3E, 0x07, 0xC0, 0x00, 0x7E, 0x07, 0xFF, 0xF0, 0x7C, 0x07, 0xFF, 0xF0, 0x7C,
    0x07, 0xFF, 0xF0, 0xFC, 0x07, 0xFF, 0xF0, 0x00, 0xFE, 0x00, 0x03, 0xFF, 0xC0, 0x0F, 0xFF, 0xC0,
    0x1F, 0xFF, 0xC0, 0x3F, 0x81, 0xC0, 0x3F, 0x00, 0x40, 0x7E, 0x00, 0x00, 0x7C, 0x00, 0x00, 0x7C,
    0x00, 0x00, 0x7C, 0x00, 0x00, 0x7C, 0x00, 0x00, 0x7C, 0x00, 0x00, 0x7C, 0x00, 0x00, 0x7E, 0x00,
    0x00, 0x3F, 0x00, 0x40, 0x3F, 0x81, 0xC0, 0x1F, 0xFF, 0xC0, 0x0F, 0xFF, 0xC0, 0x07, 0xFF, 0xC0,
    0x00, 0xFF, 0x00, 0x00, 0x0C, 0x00, 0x00, 0x06, 0x00, 0x00, 0x06, 0x00, 0x00, 0x7E, 0x00, 0x00,
    0x7C, 0x00, 0x07, 0x00, 0x00, 0x03, 0x80, 0x00, 0x01, 0xC0, 0x00, 0x00, 0xE0, 0x00, 0x00, 0x00,
    0x00, 0x00, 0x00, 0x00, 0x1F, 0xFF, 0xC0, 0x1F, 0xFF, 0xC0, 0x1F, 0xFF, 0xC0, 0x1F, 0xFF, 0xC0,
    0x1F, 0x00, 0x00, 0x1F, 0x00, 0x00, 0x1F, 0x00, 0x00, 0x1F, 0x00, 0x00, 0x1F, 0xFF, 0x80, 0x1F,
    0xFF, 0x80, 0x1F, 0xFF, 0x80, 0x1F, 0xFF, 0x80, 0x1F, 0x00, 0x00, 0x1F, 0x00, 0x00, 0x1F, 0x00,
    0x00, 0x1F, 0x00, 0x00, 0x1F, 0xFF, 0xC0, 0x1F, 0xFF, 0xC0, 0x1F, 0xFF, 0xC0, 0x1F, 0xFF, 0xC0,
    0x00, 0x38, 0x00, 0x00, 0x70, 0x00, 0x00, 0xE0, 0x00, 0x01, 0xC0, 0x00, 0x00, 0x00, 0x00, 0x00,
    0x00, 0x00, 0x1F, 0xFF, 0xC0, 0x1F, 0xFF, 0xC0, 0x1F, 0xFF, 0xC0, 0x1F, 0xFF, 0xC0, 0x1F, 0x00,
    0x00, 0x1F, 0x00, 0x00, 0x1F, 0x00, 0x00, 0x1F, 0x00, 0x00, 0x1F, 0xFF, 0x80, 0x1F, 0xFF, 0x80,
    0x1F, 0xFF, 0x80, 0x1F, 0xFF, 0x80, 0x1F, 0x00, 0x00, 0x1F, 0x00, 0x00, 0x1F, 0x00, 0x00, 0x1F,
    0x00, 0x00, 0x1F, 0xFF, 0xC0, 0x1F, 0xFF, 0xC0, 0x1F, 0xFF, 0xC0, 0x1F, 0xFF, 0xC0, 0x01, 0xE0,
    0x00, 0x03, 0xF0, 0x00, 0x07, 0x38, 0x00, 0x0E, 0x1C, 0x00, 0x00, 0x00, 0x00, 0x00, 0x00, 0x00,
    0x1F, 0xFF, 0xC0, 0x1F, 0xFF, 0xC0, 0x1F, 0xFF, 0xC0, 0x1F, 0xFF, 0xC0, 0x1F, 0x00, 0x00, 0x1F,
    0x00, 0x00, 0x1F, 0x00, 0x00, 0x1F, 0x00, 0x00, 0x1F, 0xFF, 0x80, 0x1F, 0xFF, 0x80, 0x1F, 0xFF,
    0x80, 0x1F, 0xFF, 0x80, 0x1F, 0x00, 0x00, 0x1F, 0x00, 0x00, 0x1F, 0x00, 0x00, 0x1F, 0x00, 0x00,
    0x1F, 0xFF, 0xC0, 0x1F, 0xFF, 0xC0, 0x1F, 0xFF, 0xC0, 0x1F, 0xFF, 0xC0, 0x07, 0x38, 0x00, 0x07,
    0x38, 0x00, 0x07, 0x38, 0x00, 0x00, 0x00, 0x00, 0x00, 0x00, 0x00, 0x00, 0x00, 0x00, 0x1F, 0xFF,
    0xC0, 0x1F, 0xFF, 0xC0, 0x1F, 0xFF, 0xC0, 0x1F, 0xFF, 0xC0, 0x1F, 0x00, 0x00, 0x1F, 0x00, 0x00,
    0x1F, 0x00, 0x00, 0x1F, 0x00, 0x00, 0x1F, 0xFF, 0x80, 0x1F, 0xFF, 0x80, 0x1F, 0xFF, 0x80, 0x1F,
    0xFF, 0x80, 0x1F, 0x00, 0x00, 0x1F, 0x00, 0x00, 0x1F, 0x00, 0x00, 0x1F, 0x00, 0x00, 0x1F, 0xFF,
    0xC0, 0x1F, 0xFF, 0xC0, 0x1F, 0xFF, 0xC0, 0x1F, 0xFF, 0xC0, 0x70, 0x00, 0x38, 0x00, 0x1C, 0x00,
    0x0E, 0x00, 0x00, 0x00, 0x00, 0x00, 0x1F, 0x00, 0x1F, 0x00, 0x1F, 0x00, 0x1F, 0x00, 0x1F, 0x00,
    0x1F, 0x00, 0x1F, 0x00, 0x1F, 0x00, 0x1F, 0x00, 0x1F, 0x00, 0x1F, 0x00, 0x1F, 0x00, 0x1F, 0x00,
    0x1F, 0x00, 0x1F, 0x00, 0x1F, 0x00, 0x1F, 0x00, 0x1F, 0x00, 0x1F, 0x00, 0x1F, 0x00, 0x03, 0x80,
    0x07, 0x00, 0x0E, 0x00, 0x1C, 0x00, 0x00, 0x00, 0x00, 0x00, 0x1F, 0x00, 0x1F, 0x00, 0x1F, 0x00,
    0x1F, 0x00, 0x1F, 0x00, 0x1F, 0x00, 0x1F, 0x00, 0x1F, 0x00, 0x1F, 0x00, 0x1F, 0x00, 0x1F, 0x00,
    0x1F, 0x00, 0x1F, 0x00, 0x1F, 0x00, 0x1F, 0x00, 0x1F, 0x00, 0x1F, 0x00, 0x1F, 0x00, 0x1F, 0x00,
    0x1F, 0x00, 0x1F, 0x00, 0x3F, 0x80, 0x33, 0x80, 0x60, 0xC0, 0x00, 0x00, 0x00, 0x00, 0x1F, 0x00,
    0x1F, 0x00, 0x1F, 0x00, 0x1F, 0x00, 0x1F, 0x00, 0x1F, 0x00, 0x1F, 0x00, 0x1F, 0x00, 0x1F, 0x00,
    0x1F, 0x00, 0x1F, 0x00, 0x1F, 0x00, 0x1F, 0x00, 0x1F, 0x00, 0x1F, 0x00, 0x1F, 0x00, 0x1F, 0x00,
    0x1F, 0x00, 0x1F, 0x00, 0x1F, 0x00, 0x3B, 0x80, 0x3B, 0x80, 0x3B, 0x80, 0x00, 0x00, 0x00, 0x00,
    0x00, 0x00, 0x1F, 0x00, 0x1F, 0x00, 0x1F, 0x00, 0x1F, 0x00, 0x1F, 0x00, 0x1F, 0x00, 0x1F, 0x00,
    0x1F, 0x00, 0x1F, 0x00, 0x1F, 0x00, 0x1F, 0x00, 0x1F, 0x00, 0x1F, 0x00, 0x1F, 0x00, 0x1F, 0x00,
    0x1F, 0x00, 0x1F, 0x00, 0x1F, 0x00, 0x1F, 0x00, 0x1F, 0x00, 0x1F, 0xFE, 0x00, 0x1F, 0xFF, 0x80,
    0x1F, 0xFF, 0xE0, 0x1F, 0xFF, 0xF0, 0x1F, 0x07, 0xF8, 0x1F, 0x01, 0xF8, 0x1F, 0x00, 0xF8, 0x1F,
    0x00, 0x7C, 0x7F, 0xE0, 0x7C, 0x7F, 0xE0, 0x7C, 0x7F, 0xE0, 0x7C, 0x7F, 0xE0, 0x7C, 0x1F, 0x00,
    0x7C, 0x1F, 0x00, 0xFC, 0x1F, 0x01, 0xF8, 0x1F, 0x07, 0xF8, 0x1F, 0xFF, 0xF0, 0x1F, 0xFF, 0xE0,
    0x1F, 0xFF, 0x80, 0x1F, 0xFE, 0x00, 0x01, 0xC6, 0x00, 0x03, 0xE6, 0x00, 0x03, 0x3E, 0x00, 0x03,
    0x1C, 0x00, 0x00, 0x00, 0x00, 0x00, 0x00, 0x00, 0x1F, 0x80, 0xF8, 0x1F, 0xC0, 0xF8, 0x1F, 0xC0,
    0xF8, 0x1F, 0xE0, 0xF8, 0x1F, 0xE0, 0xF8, 0x1F, 0xE0, 0xF8, 0x1F, 0x70, 0xF8, 0x1F, 0x70, 0xF8,
    0x1F, 0x38, 0xF8, 0x1F, 0x38, 0xF8, 0x1F, 0x1C, 0xF8, 0x1F, 0x1C, 0xF8, 0x1F, 0x0E, 0xF8, 0x1F,
    0x0E, 0xF8, 0x1F, 0x0F, 0xF8, 0x1F, 0x07, 0xF8, 0x1F, 0x07, 0xF8, 0x1F, 0x03, 0xF8, 0x1F, 0x03,
    0xF8, 0x1F, 0x01, 0xF8, 0x00, 0xE0, 0x00, 0x00, 0x70, 0x00, 0x00, 0x38, 0x00, 0x00, 0x1C, 0x00,
    0x00, 0x00, 0x00, 0x00, 0x00, 0x00, 0x00, 0xFE, 0x00, 0x07, 0xFF, 0xC0, 0x0F, 0xFF, 0xE0, 0x1F,
    0xFF, 0xF0, 0x3F, 0x83, 0xF8, 0x3F, 0x01, 0xF8, 0x7E, 0x00, 0xFC, 0x7C, 0x00, 0x7C, 0x7C, 0x00,
    0x7C, 0x7C, 0x00, 0x7C, 0x7C, 0x00, 0x7C, 0x7C, 0x00, 0x7C, 0x7C, 0x00, 0x7C, 0x7E, 0x00, 0xFC,
    0x3F, 0x01, 0xF8, 0x3F, 0x83, 0xF8, 0x1F, 0xFF, 0xF0, 0x0F, 0xFF, 0xE0, 0x07, 0xFF, 0xC0, 0x00,
    0xFF, 0x00, 0x00, 0x07, 0x00, 0x00, 0x0E, 0x00, 0x00, 0x1C, 0x00, 0x00, 0x38, 0x00, 0x00, 0x00,
    0x00, 0x00, 0x00, 0x00, 0x00, 0xFE, 0x00, 0x07, 0xFF, 0xC0, 0x0F, 0xFF, 0xE0, 0x1F, 0xFF, 0xF0,
    0x3F, 0x83, 0xF8, 0x3F, 0x01, 0xF8, 0x7E, 0x00, 0xFC, 0x7C, 0x00, 0x7C, 0x7C, 0x00, 0x7C, 0x7C,
    0x00, 0x7C, 0x7C, 0x00, 0x7C, 0x7C, 0x00, 0x7C, 0x7C, 0x00, 0x7C, 0x7E, 0x00, 0xFC, 0x3F, 0x01,
    0xF8, 0x3F, 0x83, 0xF8, 0x1F, 0xFF, 0xF0, 0x0F, 0xFF, 0xE0, 0x07, 0xFF, 0xC0, 0x00, 0xFF, 0x00,
    0x00, 0x3C, 0x00, 0x00, 0x7E, 0x00, 0x00, 0xE7, 0x00, 0x01, 0xC3, 0x80, 0x00, 0x00, 0x00, 0x00,
    0x00, 0x00, 0x00, 0xFE, 0x00, 0x07, 0xFF, 0xC0, 0x0F, 0xFF, 0xE0, 0x1F, 0xFF, 0xF0, 0x3F, 0x83,
    0xF8, 0x3F, 0x01, 0xF8, 0x7E, 0x00, 0xFC, 0x7C, 0x00, 0x7C, 0x7C, 0x00, 0x7C, 0x7C, 0x00, 0x7C,
    0x7C, 0x00, 0x7C, 0x7C, 0x00, 0x7C, 0x7C, 0x00, 0x7C, 0x7E, 0x00, 0xFC, 0x3F, 0x01, 0xF8, 0x3F,
    0x83, 0xF8, 0x1F, 0xFF, 0xF0, 0x0F, 0xFF, 0xE0, 0x07, 0xFF, 0xC0, 0x00, 0xFF, 0x00, 0x00, 0xE3,
    0x00, 0x01, 0xF3, 0x00, 0x01, 0x9F, 0x00, 0x01, 0x8E, 0x00, 0x00, 0x00, 0x00, 0x00, 0x00, 0x00,
    0x00, 0xFE, 0x00, 0x07, 0xFF, 0xC0, 0x0F, 0xFF, 0xE0, 0x1F, 0xFF, 0xF0, 0x3F, 0x83, 0xF8, 0x3F,
    0x01, 0xF8, 0x7E, 0x00, 0xFC, 0x7C, 0x00, 0x7C, 0x7C, 0x00, 0x7C, 0x7C, 0x00, 0x7C, 0x7C, 0x00,
    0x7C, 0x7C, 0x00, 0x7C, 0x7C, 0x00, 0x7C, 0x7E, 0x00, 0xFC, 0x3F, 0x01, 0xF8, 0x3F, 0x83, 0xF8,
    0x1F, 0xFF, 0xF0, 0x0F, 0xFF, 0xE0, 0x07, 0xFF, 0xC0, 0x00, 0xFF, 0x00, 0x00, 0xEE, 0x00, 0x00,
    0xEE, 0x00, 0x00, 0xEE, 0x00, 0x00, 0x00, 0x00, 0x00, 0x00, 0x00, 0x00, 0x00, 0x00, 0x00, 0xFE,
    0x00, 0x07, 0xFF, 0xC0, 0x0F, 0xFF, 0xE0, 0x1F, 0xFF, 0xF0, 0x3F, 0x83, 0xF8, 0x3F, 0x01, 0xF8,
    0x7E, 0x00, 0xFC, 0x7C, 0x00, 0x7C, 0x7C, 0x00, 0x7C, 0x7C, 0x00, 0x7C, 0x7C, 0x00, 0x7C, 0x7C,
    0x00, 0x7C, 0x7C, 0x00, 0x7C, 0x7E, 0x00, 0xFC, 0x3F, 0x01, 0xF8, 0x3F, 0x83, 0xF8, 0x1F, 0xFF,
    0xF0, 0x0F, 0xFF, 0xE0, 0x07, 0xFF, 0xC0, 0x00, 0xFF, 0x00, 0x02, 0x00, 0x40, 0x07, 0x00, 0xE0,
    0x0F, 0x81, 0xF0, 0x07, 0xC3, 0xE0, 0x03, 0xE7, 0xC0, 0x01, 0xFF, 0x80, 0x00, 0xFF, 0x00, 0x00,
    0x7E, 0x00, 0x00, 0x7E, 0x00, 0x00, 0xFF, 0x00, 0x01, 0xFF, 0x80, 0x03, 0xE7, 0xC0, 0x07, 0xC3,
    0xE0, 0x0F, 0x81, 0xF0, 0x07, 0x00, 0xE0, 0x02, 0x00, 0x40, 0x00, 0x00, 0x00, 0x00, 0x00, 0x00,
    0x00, 0xFE, 0x0C, 0x07, 0xFF, 0xDC, 0x0F, 0xFF, 0xF8, 0x1F, 0xFF, 0xF0, 0x3F, 0x83, 0xF8, 0x3F,
    0x01, 0xF8, 0x7E, 0x03, 0xF8, 0x7C, 0x07, 0x7C, 0x7C, 0x0E, 0x7C, 0x7C, 0x3C, 0x7C, 0x7C, 0x70,
    0x7C, 0x7C, 0xE0, 0x7C, 0x7D, 0xC0, 0x7C, 0x3F, 0x80, 0xFC, 0x3F, 0x01, 0xF8, 0x3F, 0x83, 0xF8,
    0x1F, 0xFF, 0xF0, 0x3F, 0xFF, 0xE0, 0x77, 0xFF, 0xC0, 0x60, 0xFE, 0x00, 0x00, 0x00, 0x00, 0x01,
    0xC0, 0x00, 0x00, 0xE0, 0x00, 0x00, 0x70, 0x00, 0x00, 0x38, 0x00, 0x00, 0x00, 0x00, 0x00, 0x00,
    0x00, 0x1F, 0x00, 0xF8, 0x1F, 0x00, 0xF8, 0x1F, 0x00, 0xF8, 0x1F, 0x00, 0xF8, 0x1F, 0x00, 0xF8,
    0x1F, 0x00, 0xF8, 0x1F, 0x00, 0xF8, 0x1F, 0x00, 0xF8, 0x1F, 0x00, 0xF8, 0x1F, 0x00, 0xF8, 0x1F,
    0x00, 0xF8, 0x1F, 0x00, 0xF8, 0x1F, 0x00, 0xF8, 0x1F, 0x00, 0xF8, 0x1F, 0x81, 0xF8, 0x0F, 0xC3,
    0xF0, 0x0F, 0xFF, 0xF0, 0x07, 0xFF, 0xE0, 0x03, 0xFF, 0xC0, 0x00, 0xFF, 0x00, 0x00, 0x0E, 0x00,
    0x00, 0x1C, 0x00, 0x00, 0x38, 0x00, 0x00, 0x70, 0x00, 0x00, 0x00, 0x00, 0x00, 0x00, 0x00, 0x1F,
    0x00, 0xF8, 0x1F, 0x00, 0xF8, 0x1F, 0x00, 0xF8, 0x1F, 0x00, 0xF8, 0x1F, 0x00, 0xF8, 0x1F, 0x00,
    0xF8, 0x1F, 0x00, 0xF8, 0x1F, 0x00, 0xF8, 0x1F, 0x00, 0xF8, 0x1F, 0x00, 0xF8, 0x1F, 0x00, 0xF8,
    0x1F, 0x00, 0xF8, 0x1F, 0x00, 0xF8, 0x1F, 0x00, 0xF8, 0x1F, 0x81, 0xF8, 0x0F, 0xC3, 0xF0, 0x0F,
    0xFF, 0xF0, 0x07, 0xFF, 0xE0, 0x03, 0xFF, 0xC0, 0x00, 0xFF, 0x00, 0x00, 0x3C, 0x00, 0x00, 0x7E,
    0x00, 0x00, 0xE7, 0x00, 0x01, 0xC3, 0x80, 0x00, 0x00, 0x00, 0x00, 0x00, 0x00, 0x1F, 0x00, 0xF8,
    0x1F, 0x00, 0xF8, 0x1F, 0x00, 0xF8, 0x1F, 0x00, 0xF8, 0x1F, 0x00, 0xF8, 0x1F, 0x00, 0xF8, 0x1F,
    0x00, 0xF8, 0x1F, 0x00, 0xF8, 0x1F, 0x00, 0xF8, 0x1F, 0x00, 0xF8, 0x1F, 0x00, 0xF8, 0x1F, 0x00,
    0xF8, 0x1F, 0x00, 0xF8, 0x1F, 0x00, 0xF8, 0x1F, 0x81, 0xF8, 0x0F, 0xC3, 0xF0, 0x0F, 0xFF, 0xF0,
    0x07, 0xFF, 0xE0, 0x03, 0xFF, 0xC0, 0x00, 0xFF, 0x00, 0x00, 0xE7, 0x00, 0x00, 0xE7, 0x00, 0x00,
    0xE7, 0x00, 0x00, 0x00, 0x00, 0x00, 0x00, 0x00, 0x00, 0x00, 0x00, 0x1F, 0x00, 0xF8, 0x1F, 0x00,
    0xF8, 0x1F, 0x00, 0xF8, 0x1F, 0x00, 0xF8, 0x1F, 0x00, 0xF8, 0x1F, 0x00, 0xF8, 0x1F, 0x00, 0xF8,
    0x1F, 0x00, 0xF8, 0x1F, 0x00, 0xF8, 0x1F, 0x00, 0xF8, 0x1F, 0x00, 0xF8, 0x1F, 0x00, 0xF8, 0x1F,
    0x00, 0xF8, 0x1F, 0x00, 0xF8, 0x1F, 0x81, 0xF8, 0x0F, 0xC3, 0xF0, 0x0F, 0xFF, 0xF0, 0x07, 0xFF,
    0xE0, 0x03, 0xFF, 0xC0, 0x00, 0xFF, 0x00, 0x00, 0x1C, 0x00, 0x00, 0x38, 0x00, 0x00, 0x70, 0x00,
    0x00, 0xE0, 0x00, 0x00, 0x00, 0x00, 0x00, 0x00, 0x00, 0xFC, 0x01, 0xF8, 0x7E, 0x03, 0xF0, 0x3F,
    0x07, 0xE0, 0x3F, 0x0F, 0xE0, 0x1F, 0x8F, 0xC0, 0x0F, 0xDF, 0x80, 0x0F, 0xFF, 0x80, 0x07, 0xFF,
    0x00, 0x03, 0xFE, 0x00, 0x01, 0xFC, 0x00, 0x01, 0xFC, 0x00, 0x00, 0xF8, 0x00, 0x00, 0xF8, 0x00,
    0x00, 0xF8, 0x00, 0x00, 0xF8, 0x00, 0x00, 0xF8, 0x00, 0x00, 0xF8, 0x00, 0x00, 0xF8, 0x00, 0x00,
    0xF8, 0x00, 0x00, 0xF8, 0x00, 0x1F, 0x00, 0x00, 0x1F, 0x00, 0x00, 0x1F, 0x00, 0x00, 0x1F, 0xFF,
    0x00, 0x1F, 0xFF, 0xC0, 0x1F, 0xFF, 0xE0, 0x1F, 0xFF, 0xE0, 0x1F, 0x03, 0xF0, 0x1F, 0x01, 0xF0,
    0x1F, 0x01, 0xF0, 0x1F, 0x01, 0xF0, 0x1F, 0x03, 0xF0, 0x1F, 0xFF, 0xE0, 0x1F, 0xFF, 0xE0, 0x1F,
    0xFF, 0xC0, 0x1F, 0xFF, 0x00, 0x1F, 0x00, 0x00, 0x1F, 0x00, 0x00, 0x1F, 0x00, 0x00, 0x1F, 0x00,
    0x00, 0x03, 0xF8, 0x00, 0x0F, 0xFE, 0x00, 0x1F, 0xFF, 0x00, 0x3F, 0x0F, 0x80, 0x3E, 0x07, 0x80,
    0x3E, 0x0F, 0x80, 0x3E, 0x3F, 0x80, 0x3E, 0x78, 0x00, 0x3E, 0xF0, 0x00, 0x3E, 0xF0, 0x00, 0x3E,
    0xFC, 0x00, 0x3E, 0x7F, 0x00, 0x3E, 0x3F, 0xC0, 0x3E, 0x0F, 0xC0, 0x3E, 0x07, 0xE0, 0x3E, 0x03,
    0xE0, 0x3E, 0x03, 0xE0, 0x3E, 0x87, 0xE0, 0x3E, 0xFF, 0xC0, 0x3E, 0xFF, 0xC0, 0x3E, 0x7F, 0x00,
    0x07, 0x00, 0x00, 0x03, 0x80, 0x00, 0x01, 0xC0, 0x00, 0x00, 0xE0, 0x00, 0x00, 0x70, 0x00, 0x00,
    0x00, 0x00, 0x00, 0x00, 0x00, 0x0F, 0xF0, 0x00, 0x3F, 0xFC, 0x00, 0x3F, 0xFE, 0x00, 0x20, 0x3F,
    0x00, 0x00, 0x1F, 0x00, 0x0F, 0xFF, 0x00, 0x3F, 0xFF, 0x00, 0x3F, 0xFF, 0x00, 0x7E, 0x1F, 0x00,
    0x7C, 0x1F, 0x00, 0x7C, 0x1F, 0x00, 0x7E, 0x3F, 0x00, 0x3F, 0xFF, 0x00, 0x3F, 0xDF, 0x00, 0x0F,
    0x1F, 0x00, 0x00, 0x0E, 0x00, 0x00, 0x1C, 0x00, 0x00, 0x38, 0x00, 0x00, 0x70, 0x00, 0x00, 0xE0,
    0x00, 0x00, 0x00, 0x00, 0x00, 0x00, 0x00, 0x0F, 0xF0, 0x00, 0x3F, 0xFC, 0x00, 0x3F, 0xFE, 0x00,
    0x20, 0x3F, 0x00, 0x00, 0x1F, 0x00, 0x0F, 0xFF, 0x00, 0x3F, 0xFF, 0x00, 0x3F, 0xFF, 0x00, 0x7E,
    0x1F, 0x00, 0x7C, 0x1F, 0x00, 0x7C, 0x1F, 0x00, 0x7E, 0x3F, 0x00, 0x3F, 0xFF, 0x00, 0x3F, 0xDF,
    0x00, 0x0F, 0x1F, 0x00, 0x00, 0xF0, 0x00, 0x01, 0xF8, 0x00, 0x01, 0xF8, 0x00, 0x03, 0x9C, 0x00,
    0x07, 0x0E, 0x00, 0x00, 0x00, 0x00, 0x00, 0x00, 0x00, 0x0F, 0xF0, 0x00, 0x3F, 0xFC, 0x00, 0x3F,
    0xFE, 0x00, 0x20, 0x3F, 0x00, 0x00, 0x1F, 0x00, 0x0F, 0xFF, 0x00, 0x3F, 0xFF, 0x00, 0x3F, 0xFF,
    0x00, 0x7E, 0x1F, 0x00, 0x7C, 0x1F, 0x00, 0x7C, 0x1F, 0x00, 0x7E, 0x3F, 0x00, 0x3F, 0xFF, 0x00,
    0x3F, 0xDF, 0x00, 0x0F, 0x1F, 0x00, 0x07, 0x0C, 0x00, 0x07, 0x8C, 0x00, 0x0C, 0xCC, 0x00, 0x0C,
    0x78, 0x00, 0x0C, 0x38, 0x00, 0x00, 0x00, 0x00, 0x00, 0x00, 0x00, 0x0F, 0xF0, 0x00, 0x3F, 0xFC,
    0x00, 0x3F, 0xFE, 0x00, 0x20, 0x3F, 0x00, 0x00, 0x1F, 0x00, 0x0F, 0xFF, 0x00, 0x3F, 0xFF, 0x00,
    0x3F, 0xFF, 0x00, 0x7E, 0x1F, 0x00, 0x7C, 0x1F, 0x00, 0x7C, 0x1F, 0x00, 0x7E, 0x3F, 0x00, 0x3F,
    0xFF, 0x00, 0x3F, 0xDF, 0x00, 0x0F, 0x1F, 0x00, 0x03, 0x9C, 0x00, 0x03, 0x9C, 0x00, 0x03, 0x9C,
    0x00, 0x00, 0x00, 0x00, 0x00, 0x00, 0x00, 0x00, 0x00, 0x00, 0x00, 0x00, 0x00, 0x0F, 0xF0, 0x00,
    0x3F, 0xFC, 0x00, 0x3F, 0xFE, 0x00, 0x20, 0x3F, 0x00, 0x00, 0x1F, 0x00, 0x0F, 0xFF, 0x00, 0x3F,
    0xFF, 0x00, 0x3F, 0xFF, 0x00, 0x7E, 0x1F, 0x00, 0x7C, 0x1F, 0x00, 0x7C, 0x1F, 0x00, 0x7E, 0x3F,
    0x00, 0x3F, 0xFF, 0x00, 0x3F, 0xDF, 0x00, 0x0F, 0x1F, 0x00, 0x00, 0xF0, 0x00, 0x01, 0xF8, 0x00,
    0x03, 0x9C, 0x00, 0x03, 0x0C, 0x00, 0x03, 0x0C, 0x00, 0x03, 0x9C, 0x00, 0x01, 0xF8, 0x00, 0x00,
    0xF0, 0x00, 0x00, 0x00, 0x00, 0x00, 0x00, 0x00, 0x0F, 0xF0, 0x00, 0x3F, 0xFC, 0x00, 0x3F, 0xFE,
    0x00, 0x20, 0x3F, 0x00, 0x00, 0x1F, 0x00, 0x0F, 0xFF, 0x00, 0x3F, 0xFF, 0x00, 0x3F, 0xFF, 0x00,
    0x7E, 0x1F, 0x00, 0x7C, 0x1F, 0x00, 0x7C, 0x1F, 0x00, 0x7E, 0x3F, 0x00, 0x3F, 0xFF, 0x00, 0x3F,
    0xDF, 0x00, 0x0F, 0x1F, 0x00, 0x0F, 0xE0, 0xFC, 0x00, 0x3F, 0xFB, 0xFF, 0x00, 0x3F, 0xFF, 0xFF,
    0x80, 0x20, 0x3F, 0xC7, 0xC0, 0x00, 0x1F, 0x83, 0xE0, 0x0F, 0xFF, 0x03, 0xE0, 0x3F, 0xFF, 0xFF,
    0xE0, 0x3F, 0xFF, 0xFF, 0xE0, 0x7E, 0x1F, 0xFF, 0xE0, 0x7C, 0x1F, 0x00, 0x00, 0x7C, 0x1F, 0x00,
    0x00, 0x7E, 0x3F, 0xC0, 0xC0, 0x3F, 0xF7, 0xFF, 0xC0, 0x3F, 0xE3, 0xFF, 0xC0, 0x0F, 0x80, 0xFF,
    0x00, 0x03, 0xFC, 0x00, 0x0F, 0xFE, 0x00, 0x1F, 0xFE, 0x00, 0x3F, 0x02, 0x00, 0x3E, 0x00, 0x00,
    0x7C, 0x00, 0x00, 0x7C, 0x00, 0x00, 0x7C, 0x00, 0x00, 0x7C, 0x00, 0x00, 0x7C, 0x00, 0x00, 0x3E,
    0x00, 0x00, 0x3F, 0x02, 0x00, 0x1F, 0xFE, 0x00, 0x0F, 0xFE, 0x00, 0x03, 0xFC, 0x00, 0x00, 0x30,
    0x00, 0x00, 0x18, 0x00, 0x00, 0x18, 0x00, 0x01, 0xF8, 0x00, 0x01, 0xF0, 0x00, 0x07, 0x00, 0x00,
    0x03, 0x80, 0x00, 0x01, 0xC0, 0x00, 0x00, 0xE0, 0x00, 0x00, 0x70, 0x00, 0x00, 0x00, 0x00, 0x00,
    0x00, 0x00, 0x03, 0xF0, 0x00, 0x0F, 0xFC, 0x00, 0x1F, 0xFE, 0x00, 0x3E, 0x1F, 0x00, 0x7E, 0x0F,
    0x00, 0x7C, 0x0F, 0x80, 0x7F, 0xFF, 0x80, 0x7F, 0xFF, 0x80, 0x7F, 0xFF, 0x80, 0x7C, 0x00, 0x00,
    0x7C, 0x00, 0x00, 0x3F, 0x03, 0x00, 0x1F, 0xFF, 0x00, 0x0F, 0xFF, 0x00, 0x03, 0xFC, 0x00, 0x00,
    0x0E, 0x00, 0x00, 0x1C, 0x00, 0x00, 0x38, 0x00, 0x00, 0x70, 0x00, 0x00, 0xE0, 0x00, 0x00, 0x00,
    0x00, 0x00, 0x00, 0x00, 0x03, 0xF0, 0x00, 0x0F, 0xFC, 0x00, 0x1F, 0xFE, 0x00, 0x3E, 0x1F, 0x00,
    0x7E, 0x0F, 0x00, 0x7C, 0x0F, 0x80, 0x7F, 0xFF, 0x80, 0x7F, 0xFF, 0x80, 0x7F, 0xFF, 0x80, 0x7C,
    0x00, 0x00, 0x7C, 0x00, 0x00, 0x3F, 0x03, 0x00, 0x1F, 0xFF, 0x00, 0x0F, 0xFF, 0x00, 0x03, 0xFC,
    0x00, 0x00, 0xF0, 0x00, 0x01, 0xF8, 0x00, 0x01, 0xF8, 0x00, 0x03, 0x9C, 0x00, 0x07, 0x0E, 0x00,
    0x00, 0x00, 0x00, 0x00, 0x00, 0x00, 0x03, 0xF0, 0x00, 0x0F, 0xFC, 0x00, 0x1F, 0xFE, 0x00, 0x3E,
    0x1F, 0x00, 0x7E, 0x0F, 0x00, 0x7C, 0x0F, 0x80, 0x7F, 0xFF, 0x80, 0x7F, 0xFF, 0x80, 0x7F, 0xFF,
    0x80, 0x7C, 0x00, 0x00, 0x7C, 0x00, 0x00, 0x3F, 0x03, 0x00, 0x1F, 0xFF, 0x00, 0x0F, 0xFF, 0x00,
    0x03, 0xFC, 0x00, 0x03, 0x9C, 0x00, 0x03, 0x9C, 0x00, 0x03, 0x9C, 0x00, 0x00, 0x00, 0x00, 0x00,
    0x00, 0x00, 0x00, 0x00, 0x00, 0x00, 0x00, 0x00, 0x03, 0xF0, 0x00, 0x0F, 0xFC, 0x00, 0x1F, 0xFE,
    0x00, 0x3E, 0x1F, 0x00, 0x7E, 0x0F, 0x00, 0x7C, 0x0F, 0x80, 0x7F, 0xFF, 0x80, 0x7F, 0xFF, 0x80,
    0x7F, 0xFF, 0x80, 0x7C, 0x00, 0x00, 0x7C, 0x00, 0x00, 0x3F, 0x03, 0x00, 0x1F, 0xFF, 0x00, 0x0F,
    0xFF, 0x00, 0x03, 0xFC, 0x00, 0x70, 0x00, 0x38, 0x00, 0x1C, 0x00, 0x0E, 0x00, 0x07, 0x00, 0x00,
    0x00, 0x00, 0x00, 0x1F, 0x00, 0x1F, 0x00, 0x1F, 0x00, 0x1F, 0x00, 0x1F, 0x00, 0x1F, 0x00, 0x1F,
    0x00, 0x1F, 0x00, 0x1F, 0x00, 0x1F, 0x00, 0x1F, 0x00, 0x1F, 0x00, 0x1F, 0x00, 0x1F, 0x00, 0x1F,
    0x00, 0x01, 0xC0, 0x03, 0x80, 0x07, 0x00, 0x0E, 0x00, 0x1C, 0x00, 0x00, 0x00, 0x00, 0x00, 0x3E,
    0x00, 0x3E, 0x00, 0x3E, 0x00, 0x3E, 0x00, 0x3E, 0x00, 0x3E, 0x00, 0x3E, 0x00, 0x3E, 0x00, 0x3E,
    0x00, 0x3E, 0x00, 0x3E, 0x00, 0x3E, 0x00, 0x3E, 0x00, 0x3E, 0x00, 0x3E, 0x00, 0x0E, 0x00, 0x1F,
    0x00, 0x3B, 0x80, 0x31, 0x80, 0x60, 0xC0, 0x00, 0x00, 0x00, 0x00, 0x1F, 0x00, 0x1F, 0x00, 0x1F,
    0x00, 0x1F, 0x00, 0x1F, 0x00, 0x1F, 0x00, 0x1F, 0x00, 0x1F, 0x00, 0x1F, 0x00, 0x1F, 0x00, 0x1F,
    0x00, 0x1F, 0x00, 0x1F, 0x00, 0x1F, 0x00, 0x1F, 0x00, 0x77, 0x00, 0x77, 0x00, 0x77, 0x00, 0x00,
    0x00, 0x00, 0x00, 0x00, 0x00, 0x00, 0x00, 0x3E, 0x00, 0x3E, 0x00, 0x3E, 0x00, 0x3E, 0x00, 0x3E,
    0x00, 0x3E, 0x00, 0x3E, 0x00, 0x3E, 0x00, 0x3E, 0x00, 0x3E, 0x00, 0x3E, 0x00, 0x3E, 0x00, 0x3E,
    0x00, 0x3E, 0x00, 0x3E, 0x00, 0x07, 0xC1, 0x00, 0x07, 0xFF, 0x00, 0x03, 0xFC, 0x00, 0x0F, 0xF8,
    0x00, 0x3E, 0xF8, 0x00, 0x30, 0x7C, 0x00, 0x00, 0x3E, 0x00, 0x07, 0xFF, 0x00, 0x1F, 0xFF, 0x80,
    0x3F, 0xFF, 0x80, 0x3F, 0x0F, 0xC0, 0x7C, 0x07, 0xC0, 0x7C, 0x07, 0xC0, 0x7C, 0x07, 0xC0, 0x7C,
    0x07, 0xC0, 0x7C, 0x07, 0xC0, 0x3E, 0x0F, 0x80, 0x3F, 0x1F, 0x80, 0x1F, 0xFF, 0x00, 0x0F, 0xFE,
    0x00, 0x03, 0xF8, 0x00, 0x03, 0x86, 0x00, 0x03, 0xC6, 0x00, 0x06, 0x66, 0x00, 0x06, 0x3C, 0x00,
    0x06, 0x1C, 0x00, 0x00, 0x00, 0x00, 0x00, 0x00, 0x00, 0x3E, 0x3C, 0x00, 0x3E, 0xFF, 0x00, 0x3F,
    0xFF, 0x00, 0x3F, 0x1F, 0x80, 0x3F, 0x0F, 0x80, 0x3E, 0x0F, 0x80, 0x3E, 0x0F, 0x80, 0x3E, 0x0F,
    0x80, 0x3E, 0x0F, 0x80, 0x3E, 0x0F, 0x80, 0x3E, 0x0F, 0x80, 0x3E, 0x0F, 0x80, 0x3E, 0x0F, 0x80,
    0x3E, 0x0F, 0x80, 0x3E, 0x0F, 0x80, 0x07, 0x00, 0x00, 0x03, 0x80, 0x00, 0x01, 0xC0, 0x00, 0x00,
    0xE0, 0x00, 0x00, 0x70, 0x00, 0x00, 0x00, 0x00, 0x00, 0x00, 0x00, 0x03, 0xF8, 0x00, 0x0F, 0xFE,
    0x00, 0x1F, 0xFF, 0x00, 0x3F, 0x1F, 0x80, 0x3E, 0x0F, 0xC0, 0x7C, 0x07, 0xC0, 0x7C, 0x07, 0xC0,
    0x7C, 0x07, 0xC0, 0x7C, 0x07, 0xC0, 0x7C, 0x07, 0xC0, 0x7E, 0x0F, 0xC0, 0x3F, 0x1F, 0x80, 0x1F,
    0xFF, 0x00, 0x0F, 0xFE, 0x00, 0x03, 0xF8, 0x00, 0x00, 0x0E, 0x00, 0x00, 0x1C, 0x00, 0x00, 0x38,
    0x00, 0x00, 0x70, 0x00, 0x00, 0xE0, 0x00, 0x00, 0x00, 0x00, 0x00, 0x00, 0x00, 0x03, 0xF8, 0x00,
    0x0F, 0xFE, 0x00, 0x1F, 0xFF, 0x00, 0x3F, 0x1F, 0x80, 0x3E, 0x0F, 0xC0, 0x7C, 0x07, 0xC0, 0x7C,
    0x07, 0xC0, 0x7C, 0x07, 0xC0, 0x7C, 0x07, 0xC0, 0x7C, 0x07, 0xC0, 0x7E, 0x0F, 0xC0, 0x3F, 0x1F,
    0x80, 0x1F, 0xFF, 0x00, 0x0F, 0xFE, 0x00, 0x03, 0xF8, 0x00, 0x00, 0xE0, 0x00, 0x01, 0xF0, 0x00,
    0x03, 0xB8, 0x00, 0x03, 0x1C, 0x00, 0x06, 0x0C, 0x00, 0x00, 0x00, 0x00, 0x00, 0x00, 0x00, 0x03,
    0xF8, 0x00, 0x0F, 0xFE, 0x00, 0x1F, 0xFF, 0x00, 0x3F, 0x1F, 0x80, 0x3E, 0x0F, 0xC0, 0x7C, 0x07,
    0xC0, 0x7C, 0x07, 0xC0, 0x7C, 0x07, 0xC0, 0x7C, 0x07, 0xC0, 0x7C, 0x07, 0xC0, 0x7E, 0x0F, 0xC0,
    0x3F, 0x1F, 0x80, 0x1F, 0xFF, 0x00, 0x0F, 0xFE, 0x00, 0x03, 0xF8, 0x00, 0x03, 0x86, 0x00, 0x07,
    0xC6, 0x00, 0x0E, 0xEE, 0x00, 0x0C, 0x7C, 0x00, 0x0C, 0x38, 0x00, 0x00, 0x00, 0x00, 0x00, 0x00,
    0x00, 0x03, 0xF8, 0x00, 0x0F, 0xFE, 0x00, 0x1F, 0xFF, 0x00, 0x3F, 0x1F, 0x80, 0x3E, 0x0F, 0xC0,
    0x7C, 0x07, 0xC0, 0x7C, 0x07, 0xC0, 0x7C, 0x07, 0xC0, 0x7C, 0x07, 0xC0, 0x7C, 0x07, 0xC0, 0x7E,
    0x0F, 0xC0, 0x3F, 0x1F, 0x80, 0x1F, 0xFF, 0x00, 0x0F, 0xFE, 0x00, 0x03, 0xF8, 0x00, 0x07, 0x1C,
    0x00, 0x07, 0x1C, 0x00, 0x07, 0x1C, 0x00, 0x00, 0x00, 0x00, 0x00, 0x00, 0x00, 0x00, 0x00, 0x00,
    0x00, 0x00, 0x00, 0x03, 0xF8, 0x00, 0x0F, 0xFE, 0x00, 0x1F, 0xFF, 0x00, 0x3F, 0x1F, 0x80, 0x3E,
    0x0F, 0xC0, 0x7C, 0x07, 0xC0, 0x7C, 0x07, 0xC0, 0x7C, 0x07, 0xC0, 0x7C, 0x07, 0xC0, 0x7C, 0x07,
    0xC0, 0x7E, 0x0F, 0xC0, 0x3F, 0x1F, 0x80, 0x1F, 0xFF, 0x00, 0x0F, 0xFE, 0x00, 0x03, 0xF8, 0x00,
    0x00, 0x3C, 0x00, 0x00, 0x3C, 0x00, 0x00, 0x3C, 0x00, 0x00, 0x3C, 0x00, 0x00, 0x00, 0x00, 0x00,
    0x00, 0x00, 0x1F, 0xFF, 0xF8, 0x1F, 0xFF, 0xF8, 0x1F, 0xFF, 0xF8, 0x00, 0x00, 0x00, 0x00, 0x00,
    0x00, 0x00, 0x3C, 0x00, 0x00, 0x3C, 0x00, 0x00, 0x3C, 0x00, 0x00, 0x3C, 0x00, 0x00, 0x00, 0x00,
    0x00, 0x00, 0x80, 0x03, 0xF9, 0xC0, 0x0F, 0xFF, 0x80, 0x1F, 0xFF, 0x00, 0x3F, 0x1F, 0x80, 0x3E,
    0x1F, 0xC0, 0x7C, 0x3F, 0xC0, 0x7C, 0x77, 0xC0, 0x7C, 0xE7, 0xC0, 0x7D, 0xC7, 0xC0, 0x7F, 0x87,
    0xC0, 0x7F, 0x0F, 0x80, 0x3F, 0x1F, 0x80, 0x3F, 0xFF, 0x00, 0x3F, 0xFE, 0x00, 0x77, 0xF8, 0x00,
    0x20, 0x00, 0x00, 0x07, 0x00, 0x00, 0x03, 0x80, 0x00, 0x01, 0xC0, 0x00, 0x00, 0xE0, 0x00, 0x00,
    0x70, 0x00, 0x00, 0x00, 0x00, 0x00, 0x00, 0x00, 0x3E, 0x0F, 0x80, 0x3E, 0x0F, 0x80, 0x3E, 0x0F,
    0x80, 0x3E, 0x0F, 0x80, 0x3E, 0x0F, 0x80, 0x3E, 0x0F, 0x80, 0x3E, 0x0F, 0x80, 0x3E, 0x0F, 0x80,
    0x3E, 0x0F, 0x80, 0x3E, 0x0F, 0x80, 0x3E, 0x1F, 0x80, 0x3F, 0x1F, 0x80, 0x1F, 0xFF, 0x80, 0x1F,
    0xEF, 0x80, 0x07, 0x8F, 0x80, 0x00, 0x0E, 0x00, 0x00, 0x1C, 0x00, 0x00, 0x38, 0x00, 0x00, 0x70,
    0x00, 0x00, 0xE0, 0x00, 0x00, 0x00, 0x00, 0x00, 0x00, 0x00, 0x3E, 0x0F, 0x80, 0x3E, 0x0F, 0x80,
    0x3E, 0x0F, 0x80, 0x3E, 0x0F, 0x80, 0x3E, 0x0F, 0x80, 0x3E, 0x0F, 0x80, 0x3E, 0x0F, 0x80, 0x3E,
    0x0F, 0x80, 0x3E, 0x0F, 0x80, 0x3E, 0x0F, 0x80, 0x3E, 0x1F, 0x80, 0x3F, 0x1F, 0x80, 0x1F, 0xFF,
    0x80, 0x1F, 0xEF, 0x80, 0x07, 0x8F, 0x80, 0x00, 0xE0, 0x00, 0x01, 0xF0, 0x00, 0x03, 0xB8, 0x00,
    0x03, 0x18, 0x00, 0x06, 0x0C, 0x00, 0x00, 0x00, 0x00, 0x00, 0x00, 0x00, 0x3E, 0x0F, 0x80, 0x3E,
    0x0F, 0x80, 0x3E, 0x0F, 0x80, 0x3E, 0x0F, 0x80, 0x3E, 0x0F, 0x80, 0x3E, 0x0F, 0x80, 0x3E, 0x0F,
    0x80, 0x3E, 0x0F, 0x80, 0x3E, 0x0F, 0x80, 0x3E, 0x0F, 0x80, 0x3E, 0x1F, 0x80, 0x3F, 0x1F, 0x80,
    0x1F, 0xFF, 0x80, 0x1F, 0xEF, 0x80, 0x07, 0x8F, 0x80, 0x07, 0x1C, 0x00, 0x07, 0x1C, 0x00, 0x07,
    0x1C, 0x00, 0x00, 0x00, 0x00, 0x00, 0x00, 0x00, 0x00, 0x00, 0x00, 0x00, 0x00, 0x00, 0x3E, 0x0F,
    0x80, 0x3E, 0x0F, 0x80, 0x3E, 0x0F, 0x80, 0x3E, 0x0F, 0x80, 0x3E, 0x0F, 0x80, 0x3E, 0x0F, 0x80,
    0x3E, 0x0F, 0x80, 0x3E, 0x0F, 0x80, 0x3E, 0x0F, 0x80, 0x3E, 0x0F, 0x80, 0x3E, 0x1F, 0x80, 0x3F,
    0x1F, 0x80, 0x1F, 0xFF, 0x80, 0x1F, 0xEF, 0x80, 0x07, 0x8F, 0x80, 0x00, 0x1C, 0x00, 0x00, 0x38,
    0x00, 0x00, 0x70, 0x00, 0x00, 0xE0, 0x00, 0x01, 0xC0, 0x00, 0x00, 0x00, 0x00, 0x00, 0x00, 0x00,
    0xFC, 0x1F, 0x80, 0x7C, 0x1F, 0x00, 0x7C, 0x1F, 0x00, 0x7E, 0x3F, 0x00, 0x3E, 0x3E, 0x00, 0x3F,
    0x3E, 0x00, 0x1F, 0x7E, 0x00, 0x1F, 0xFC, 0x00, 0x0F, 0xFC, 0x00, 0x0F, 0xF8, 0x00, 0x0F, 0xF8,
    0x00, 0x07, 0xF8, 0x00, 0x07, 0xF0, 0x00, 0x03, 0xF0, 0x00, 0x03, 0xF0, 0x00, 0x03, 0xE0, 0x00,
    0x07, 0xE0, 0x00, 0x07, 0xC0, 0x00, 0x3F, 0xC0, 0x00, 0x3F, 0x80, 0x00, 0x3F, 0x00, 0x00, 0x3E,
    0x00, 0x00, 0x3E, 0x00, 0x00, 0x3E, 0x00, 0x00, 0x3E, 0x00, 0x00, 0x3E, 0x00, 0x00, 0x3E, 0x00,
    0x00, 0x3E, 0x3C, 0x00, 0x3E, 0xFF, 0x00, 0x3F, 0xFF, 0x80, 0x3F, 0x0F, 0x80, 0x3F, 0x0F, 0xC0,
    0x3E, 0x07, 0xC0, 0x3E, 0x07, 0xC0, 0x3E, 0x07, 0xC0, 0x3E, 0x07, 0xC0, 0x3E, 0x07, 0xC0, 0x3F,
    0x0F, 0xC0, 0x3F, 0x0F, 0x80, 0x3F, 0xFF, 0x80, 0x3E, 0xFF, 0x00, 0x3E, 0x7C, 0x00, 0x3E, 0x00,
    0x00, 0x3E, 0x00, 0x00, 0x3E, 0x00, 0x00, 0x3E, 0x00, 0x00, 0x3E, 0x00, 0x00, 0x3E, 0x00, 0x00,
    0x07, 0x38, 0x00, 0x07, 0x38, 0x00, 0x07, 0x38, 0x00, 0x00, 0x00, 0x00, 0x00, 0x00, 0x00, 0x00,
    0x00, 0x00, 0x00, 0x00, 0x00, 0xFC, 0x1F, 0x80, 0x7C, 0x1F, 0x00, 0x7C, 0x1F, 0x00, 0x7E, 0x3F,
    0x00, 0x3E, 0x3E, 0x00, 0x3F, 0x3E, 0x00, 0x1F, 0x7E, 0x00, 0x1F, 0xFC, 0x00, 0x0F, 0xFC, 0x00,
    0x0F, 0xF8, 0x00, 0x0F, 0xF8, 0x00, 0x07, 0xF8, 0x00, 0x07, 0xF0, 0x00, 0x03, 0xF0, 0x00, 0x03,
    0xF0, 0x00, 0x03, 0xE0, 0x00, 0x07, 0xE0, 0x00, 0x07, 0xC0, 0x00, 0x3F, 0xC0, 0x00, 0x3F, 0x80,
    0x00, 0x3F, 0x00, 0x00, 0x03, 0xFE, 0x00, 0x03, 0xFE, 0x00, 0x03, 0xFE, 0x00, 0x00, 0x00, 0x00,
    0x00, 0x00, 0x00, 0x01, 0xFC, 0x00, 0x01, 0xFC, 0x00, 0x03, 0xFE, 0x00, 0x03, 0xFE, 0x00, 0x03,
    0xFE, 0x00, 0x07, 0xFF, 0x00, 0x07, 0xDF, 0x00, 0x07, 0xDF, 0x00, 0x0F, 0xDF, 0x80, 0x0F, 0x8F,
    0x80, 0x0F, 0x8F, 0x80, 0x1F, 0x07, 0xC0, 0x1F, 0xFF, 0xC0, 0x3F, 0xFF, 0xE0, 0x3F, 0xFF, 0xE0,
    0x3F, 0xFF, 0xE0, 0x7E, 0x03, 0xF0, 0x7C, 0x01, 0xF0, 0x7C, 0x01, 0xF0, 0xFC, 0x01, 0xF8, 0x07,
    0xFC, 0x00, 0x07, 0xFC, 0x00, 0x07, 0xFC, 0x00, 0x00, 0x00, 0x00, 0x00, 0x00, 0x00, 0x00, 0x00,
    0x00, 0x0F, 0xF0, 0x00, 0x3F, 0xFC, 0x00, 0x3F, 0xFE, 0x00, 0x20, 0x3F, 0x00, 0x00, 0x1F, 0x00,
    0x0F, 0xFF, 0x00, 0x3F, 0xFF, 0x00, 0x3F, 0xFF, 0x00, 0x7E, 0x1F, 0x00, 0x7C, 0x1F, 0x00, 0x7C,
    0x1F, 0x00, 0x7E, 0x3F, 0x00, 0x3F, 0xFF, 0x00, 0x3F, 0xDF, 0x00, 0x0F, 0x1F, 0x00, 0x03, 0x06,
    0x00, 0x03, 0x8E, 0x00, 0x01, 0xFC, 0x00, 0x00, 0xF8, 0x00, 0x00, 0x00, 0x00, 0x00, 0x00, 0x00,
    0x01, 0xFC, 0x00, 0x01, 0xFC, 0x00, 0x03, 0xFE, 0x00, 0x03, 0xFE, 0x00, 0x03, 0xFE, 0x00, 0x07,
    0xFF, 0x00, 0x07, 0xDF, 0x00, 0x07, 0xDF, 0x00, 0x0F, 0xDF, 0x80, 0x0F, 0x8F, 0x80, 0x0F, 0x8F,
    0x80, 0x1F, 0x07, 0xC0, 0x1F, 0xFF, 0xC0, 0x3F, 0xFF, 0xE0, 0x3F, 0xFF, 0xE0, 0x3F, 0xFF, 0xE0,
    0x7E, 0x03, 0xF0, 0x7C, 0x01, 0xF0, 0x7C, 0x01, 0xF0, 0xFC, 0x01, 0xF8, 0x06, 0x0C, 0x00, 0x07,
    0x1C, 0x00, 0x03, 0xF8, 0x00, 0x01, 0xF0, 0x00, 0x00, 0x00, 0x00, 0x00, 0x00, 0x00, 0x00, 0x00,
    0x00, 0x0F, 0xF0, 0x00, 0x3F, 0xFC, 0x00, 0x3F, 0xFE, 0x00, 0x20, 0x3F, 0x00, 0x00, 0x1F, 0x00,
    0x0F, 0xFF, 0x00, 0x3F, 0xFF, 0x00, 0x3F, 0xFF, 0x00, 0x7E, 0x1F, 0x00, 0x7C, 0x1F, 0x00, 0x7C,
    0x1F, 0x00, 0x7E, 0x3F, 0x00, 0x3F, 0xFF, 0x00, 0x3F, 0xDF, 0x00, 0x0F, 0x1F, 0x00, 0x01, 0xFC,
    0x00, 0x01, 0xFC, 0x00, 0x03, 0xFE, 0x00, 0x03, 0xFE, 0x00, 0x03, 0xFE, 0x00, 0x07, 0xFF, 0x00,
    0x07, 0xDF, 0x00, 0x07, 0xDF, 0x00, 0x0F, 0xDF, 0x80, 0x0F, 0x8F, 0x80, 0x0F, 0x8F, 0x80, 0x1F,
    0x07, 0xC0, 0x1F, 0xFF, 0xC0, 0x3F, 0xFF, 0xE0, 0x3F, 0xFF, 0xE0, 0x3F, 0xFF, 0xE0, 0x7E, 0x03,
    0xF0, 0x7C, 0x01, 0xF0, 0x7C, 0x01, 0xF0, 0xFC, 0x01, 0xF8, 0x00, 0x00, 0xC0, 0x00, 0x01, 0x80,
    0x00, 0x01, 0x80, 0x00, 0x01, 0xF8, 0x00, 0x00, 0xF8, 0x0F, 0xF0, 0x00, 0x3F, 0xFC, 0x00, 0x3F,
    0xFE, 0x00, 0x20, 0x3F, 0x00, 0x00, 0x1F, 0x00, 0x0F, 0xFF, 0x00, 0x3F, 0xFF, 0x00, 0x3F, 0xFF,
    0x00, 0x7E, 0x1F, 0x00, 0x7C, 0x1F, 0x00, 0x7C, 0x1F, 0x00, 0x7E, 0x3F, 0x00, 0x3F, 0xFF, 0x00,
    0x3F, 0xDF, 0x00, 0x0F, 0x1F, 0x00, 0x00, 0x0C, 0x00, 0x00, 0x18, 0x00, 0x00, 0x18, 0x00, 0x00,
    0x1F, 0x80, 0x00, 0x0F, 0x80, 0x00, 0x07, 0x00, 0x00, 0x0E, 0x00, 0x00, 0x1C, 0x00, 0x00, 0x38,
    0x00, 0x00, 0x00, 0x00, 0x00, 0x00, 0x00, 0x00, 0xFE, 0x00, 0x03, 0xFF, 0xC0, 0x0F, 0xFF, 0xC0,
    0x1F, 0xFF, 0xC0, 0x3F, 0x81, 0xC0, 0x3F, 0x00, 0x40, 0x7E, 0x00, 0x00, 0x7C, 0x00, 0x00, 0x7C,
    0x00, 0x00, 0x7C, 0x00, 0x00, 0x7C, 0x00, 0x00, 0x7C, 0x00, 0x00, 0x7C, 0x00, 0x00, 0x7E, 0x00,
    0x00, 0x3F, 0x00, 0x40, 0x3F, 0x81, 0xC0, 0x1F, 0xFF, 0xC0, 0x0F, 0xFF, 0xC0, 0x07, 0xFF, 0xC0,
    0x00, 0xFE, 0x00, 0x00, 0x0E, 0x00, 0x00, 0x1C, 0x00, 0x00, 0x38, 0x00, 0x00, 0x70, 0x00, 0x00,
    0xE0, 0x00, 0x00, 0x00, 0x00, 0x00, 0x00, 0x00, 0x03, 0xFC, 0x00, 0x0F, 0xFE, 0x00, 0x1F, 0xFE,
    0x00, 0x3F, 0x02, 0x00, 0x3E, 0x00, 0x00, 0x7C, 0x00, 0x00, 0x7C, 0x00, 0x00, 0x7C, 0x00, 0x00,
    0x7C, 0x00, 0x00, 0x7C, 0x00, 0x00, 0x3E, 0x00, 0x00, 0x3F, 0x02, 0x00, 0x1F, 0xFE, 0x00, 0x0F,
    0xFE, 0x00, 0x03, 0xFC, 0x00, 0x00, 0x3C, 0x00, 0x00, 0x7E, 0x00, 0x00, 0xE7, 0x00, 0x01, 0xC3,
    0x80, 0x00, 0x00, 0x00, 0x00, 0x00, 0x00, 0x00, 0xFE, 0x00, 0x03, 0xFF, 0xC0, 0x0F, 0xFF, 0xC0,
    0x1F, 0xFF, 0xC0, 0x3F, 0x81, 0xC0, 0x3F, 0x00, 0x40, 0x7E, 0x00, 0x00, 0x7C, 0x00, 0x00, 0x7C,
    0x00, 0x00, 0x7C, 0x00, 0x00, 0x7C, 0x00, 0x00, 0x7C, 0x00, 0x00, 0x7C, 0x00, 0x00, 0x7E, 0x00,
    0x00, 0x3F, 0x00, 0x40, 0x3F, 0x81, 0xC0, 0x1F, 0xFF, 0xC0, 0x0F, 0xFF, 0xC0, 0x07, 0xFF, 0xC0,
    0x00, 0xFE, 0x00, 0x00, 0xF0, 0x00, 0x01, 0xF8, 0x00, 0x01, 0xF8, 0x00, 0x03, 0x9C, 0x00, 0x07,
    0x0E, 0x00, 0x00, 0x00, 0x00, 0x00, 0x00, 0x00, 0x03, 0xFC, 0x00, 0x0F, 0xFE, 0x00, 0x1F, 0xFE,
    0x00, 0x3F, 0x02, 0x00, 0x3E, 0x00, 0x00, 0x7C, 0x00, 0x00, 0x7C, 0x00, 0x00, 0x7C, 0x00, 0x00,
    0x7C, 0x00, 0x00, 0x7C, 0x00, 0x00, 0x3E, 0x00, 0x00, 0x3F, 0x02, 0x00, 0x1F, 0xFE, 0x00, 0x0F,
    0xFE, 0x00, 0x03, 0xFC, 0x00, 0x00, 0x3C, 0x00, 0x00, 0x3C, 0x00, 0x00, 0x3C, 0x00, 0x00, 0x00,
    0x00, 0x00, 0x00, 0x00, 0x00, 0x00, 0x00, 0x00, 0xFE, 0x00, 0x03, 0xFF, 0xC0, 0x0F, 0xFF, 0xC0,
    0x1F, 0xFF, 0xC0, 0x3F, 0x81, 0xC0, 0x3F, 0x00, 0x40, 0x7E, 0x00, 0x00, 0x7C, 0x00, 0x00, 0x7C,
    0x00, 0x00, 0x7C, 0x00, 0x00, 0x7C, 0x00, 0x00, 0x7C, 0x00, 0x00, 0x7C, 0x00, 0x00, 0x7E, 0x00,
    0x00, 0x3F, 0x00, 0x40, 0x3F, 0x81, 0xC0, 0x1F, 0xFF, 0xC0, 0x0F, 0xFF, 0xC0, 0x07, 0xFF, 0xC0,
    0x00, 0xFE, 0x00, 0x01, 0xF0, 0x00, 0x01, 0xF0, 0x00, 0x01, 0xF0, 0x00, 0x01, 0xF0, 0x00, 0x01,
    0xF0, 0x00, 0x00, 0x00, 0x00, 0x00, 0x00, 0x00, 0x03, 0xFC, 0x00, 0x0F, 0xFE, 0x00, 0x1F, 0xFE,
    0x00, 0x3F, 0x02, 0x00, 0x3E, 0x00, 0x00, 0x7C, 0x00, 0x00, 0x7C, 0x00, 0x00, 0x7C, 0x00, 0x00,
    0x7C, 0x00, 0x00, 0x7C, 0x00, 0x00, 0x3E, 0x00, 0x00, 0x3F, 0x02, 0x00, 0x1F, 0xFE, 0x00, 0x0F,
    0xFE, 0x00, 0x03, 0xFC, 0x00, 0x01, 0xC3, 0x80, 0x00, 0xE7, 0x00, 0x00, 0x7E, 0x00, 0x00, 0x3C,
    0x00, 0x00, 0x00, 0x00, 0x00, 0x00, 0x00, 0x00, 0xFE, 0x00, 0x03, 0xFF, 0xC0, 0x0F, 0xFF, 0xC0,
    0x1F, 0xFF, 0xC0, 0x3F, 0x81, 0xC0, 0x3F, 0x00, 0x40, 0x7E, 0x00, 0x00, 0x7C, 0x00, 0x00, 0x7C,
    0x00, 0x00, 0x7C, 0x00, 0x00, 0x7C, 0x00, 0x00, 0x7C, 0x00, 0x00, 0x7C, 0x00, 0x00, 0x7E, 0x00,
    0x00, 0x3F, 0x00, 0x40, 0x3F, 0x81, 0xC0, 0x1F, 0xFF, 0xC0, 0x0F, 0xFF, 0xC0, 0x07, 0xFF, 0xC0,
    0x00, 0xFE, 0x00, 0x07, 0x0E, 0x00, 0x03, 0x9C, 0x00, 0x01, 0xF8, 0x00, 0x01, 0xF8, 0x00, 0x00,
    0xF0, 0x00, 0x00, 0x00, 0x00, 0x00, 0x00, 0x00, 0x03, 0xFC, 0x00, 0x0F, 0xFE, 0x00, 0x1F, 0xFE,
    0x00, 0x3F, 0x02, 0x00, 0x3E, 0x00, 0x00, 0x7C, 0x00, 0x00, 0x7C, 0x00, 0x00, 0x7C, 0x00, 0x00,
    0x7C, 0x00, 0x00, 0x7C, 0x00, 0x00, 0x3E, 0x00, 0x00, 0x3F, 0x02, 0x00, 0x1F, 0xFE, 0x00, 0x0F,
    0xFE, 0x00, 0x03, 0xFC, 0x00, 0x03, 0x87, 0x00, 0x01, 0xCE, 0x00, 0x00, 0xFC, 0x00, 0x00, 0x78,
    0x00, 0x00, 0x00, 0x00, 0x00, 0x00, 0x00, 0x1F, 0xFE, 0x00, 0x1F, 0xFF, 0x80, 0x1F, 0xFF, 0xE0,
    0x1F, 0xFF, 0xF0, 0x1F, 0x07, 0xF8, 0x1F, 0x01, 0xF8, 0x1F, 0x00, 0xF8, 0x1F, 0x00, 0x7C, 0x1F,
    0x00, 0x7C, 0x1F, 0x00, 0x7C, 0x1F, 0x00, 0x7C, 0x1F, 0x00, 0x7C, 0x1F, 0x00, 0x7C, 0x1F, 0x00,
    0xFC, 0x1F, 0x01, 0xF8, 0x1F, 0x07, 0xF8, 0x1F, 0xFF, 0xF0, 0x1F, 0xFF, 0xE0, 0x1F, 0xFF, 0x80,
    0x1F, 0xFE, 0x00, 0x00, 0x0F, 0x8F, 0x00, 0x0F, 0x8E, 0x00, 0x0F, 0x8E, 0x00, 0x0F, 0x9C, 0x00,
    0x0F, 0x9C, 0x00, 0x0F, 0x80, 0x07, 0x8F, 0x80, 0x1F, 0xEF, 0x80, 0x3F, 0xFF, 0x80, 0x3E, 0x1F,
    0x80, 0x7E, 0x1F, 0x80, 0x7C, 0x0F, 0x80, 0x7C, 0x0F, 0x80, 0x7C, 0x0F, 0x80, 0x7C, 0x0F, 0x80,
    0x7C, 0x0F, 0x80, 0x7E, 0x1F, 0x80, 0x3E, 0x1F, 0x80, 0x3F, 0xFF, 0x80, 0x1F, 0xEF, 0x80, 0x07,
    0x8F, 0x80, 0x1F, 0xFE, 0x00, 0x1F, 0xFF, 0x80, 0x1F, 0xFF, 0xE0, 0x1F, 0xFF, 0xF0, 0x1F, 0x07,
    0xF8, 0x1F, 0x01, 0xF8, 0x1F, 0x00, 0xF8, 0x1F, 0x00, 0x7C, 0x7F, 0xE0, 0x7C, 0x7F, 0xE0, 0x7C,
    0x7F, 0xE0, 0x7C, 0x7F, 0xE0, 0x7C, 0x1F, 0x00, 0x7C, 0x1F, 0x00, 0xFC, 0x1F, 0x01, 0xF8, 0x1F,
    0x07, 0xF8, 0x1F, 0xFF, 0xF0, 0x1F, 0xFF, 0xE0, 0x1F, 0xFF, 0x80, 0x1F, 0xFE, 0x00, 0x00, 0x0F,
    0x80, 0x00, 0x0F, 0x80, 0x00, 0xFF, 0xE0, 0x00, 0xFF, 0xE0, 0x00, 0xFF, 0xE0, 0x00, 0x0F, 0x80,
    0x07, 0x8F, 0x80, 0x1F, 0xEF, 0x80, 0x3F, 0xFF, 0x80, 0x3E, 0x1F, 0x80, 0x7E, 0x1F, 0x80, 0x7C,
    0x0F, 0x80, 0x7C, 0x0F, 0x80, 0x7C, 0x0F, 0x80, 0x7C, 0x0F, 0x80, 0x7C, 0x0F, 0x80, 0x7E, 0x1F,
    0x80, 0x3E, 0x1F, 0x80, 0x3F, 0xFF, 0x80, 0x1F, 0xEF, 0x80, 0x07, 0x8F, 0x80, 0x03, 0xFE, 0x00,
    0x03, 0xFE, 0x00, 0x03, 0xFE, 0x00, 0x00, 0x00, 0x00, 0x00, 0x00, 0x00, 0x1F, 0xFF, 0xC0, 0x1F,
    0xFF, 0xC0, 0x1F, 0xFF, 0xC0, 0x1F, 0xFF, 0xC0, 0x1F, 0x00, 0x00, 0x1F, 0x00, 0x00, 0x1F, 0x00,
    0x00, 0x1F, 0x00, 0x00, 0x1F, 0xFF, 0x80, 0x1F, 0xFF, 0x80, 0x1F, 0xFF, 0x80, 0x1F, 0xFF, 0x80,
    0x1F, 0x00, 0x00, 0x1F, 0x00, 0x00, 0x1F, 0x00, 0x00, 0x1F, 0x00, 0x00, 0x1F, 0xFF, 0xC0, 0x1F,
    0xFF, 0xC0, 0x1F, 0xFF, 0xC0, 0x1F, 0xFF, 0xC0, 0x07, 0xF8, 0x00, 0x07, 0xF8, 0x00, 0x07, 0xF8,
    0x00, 0x00, 0x00, 0x00, 0x00, 0x00, 0x00, 0x00, 0x00, 0x00, 0x03, 0xF0, 0x00, 0x0F, 0xFC, 0x00,
    0x1F, 0xFE, 0x00, 0x3E, 0x1F, 0x00, 0x7E, 0x0F, 0x00, 0x7C, 0x0F, 0x80, 0x7F, 0xFF, 0x80, 0x7F,
    0xFF, 0x80, 0x7F, 0xFF, 0x80, 0x7C, 0x00, 0x00, 0x7C, 0x00, 0x00, 0x3F, 0x03, 0x00, 0x1F, 0xFF,
    0x00, 0x0F, 0xFF, 0x00, 0x03, 0xFC, 0x00, 0x0C, 0x18, 0x00, 0x0E, 0x38, 0x00, 0x07, 0xF0, 0x00,
    0x03, 0xE0, 0x00, 0x00, 0x00, 0x00, 0x00, 0x00, 0x00, 0x1F, 0xFF, 0xC0, 0x1F, 0xFF, 0xC0, 0x1F,
    0xFF, 0xC0, 0x1F, 0xFF, 0xC0, 0x1F, 0x00, 0x00, 0x1F, 0x00, 0x00, 0x1F, 0x00, 0x00, 0x1F, 0x00,
    0x00, 0x1F, 0xFF, 0x80, 0x1F, 0xFF, 0x80, 0x1F, 0xFF, 0x80, 0x1F, 0xFF, 0x80, 0x1F, 0x00, 0x00,
    0x1F, 0x00, 0x00, 0x1F, 0x00, 0x00, 0x1F, 0x00, 0x00, 0x1F, 0xFF, 0xC0, 0x1F, 0xFF, 0xC0, 0x1F,
    0xFF, 0xC0, 0x1F, 0xFF, 0xC0, 0x06, 0x0C, 0x00, 0x07, 0x1C, 0x00, 0x03, 0xF8, 0x00, 0x01, 0xF0,
    0x00, 0x00, 0x00, 0x00, 0x00, 0x00, 0x00, 0x00, 0x00, 0x00, 0x03, 0xF0, 0x00, 0x0F, 0xFC, 0x00,
    0x1F, 0xFE, 0x00, 0x3E, 0x1F, 0x00, 0x7E, 0x0F, 0x00, 0x7C, 0x0F, 0x80, 0x7F, 0xFF, 0x80, 0x7F,
    0xFF, 0x80, 0x7F, 0xFF, 0x80, 0x7C, 0x00, 0x00, 0x7C, 0x00, 0x00, 0x3F, 0x03, 0x00, 0x1F, 0xFF,
    0x00, 0x0F, 0xFF, 0x00, 0x03, 0xFC, 0x00, 0x01, 0xE0, 0x00, 0x01, 0xE0, 0x00, 0x01, 0xE0, 0x00,
    0x00, 0x00, 0x00, 0x00, 0x00, 0x00, 0x00, 0x00, 0x00, 0x1F, 0xFF, 0xC0, 0x1F, 0xFF, 0xC0, 0x1F,
    0xFF, 0xC0, 0x1F, 0xFF, 0xC0, 0x1F, 0x00, 0x00, 0x1F, 0x00, 0x00, 0x1F, 0x00, 0x00, 0x1F, 0x00,
    0x00, 0x1F, 0xFF, 0x80, 0x1F, 0xFF, 0x80, 0x1F, 0xFF, 0x80, 0x1F, 0xFF, 0x80, 0x1F, 0x00, 0x00,
    0x1F, 0x00, 0x00, 0x1F, 0x00, 0x00, 0x1F, 0x00, 0x00, 0x1F, 0xFF, 0xC0, 0x1F, 0xFF, 0xC0, 0x1F,
    0xFF, 0xC0, 0x1F, 0xFF, 0xC0, 0x01, 0xF0, 0x00, 0x01, 0xF0, 0x00, 0x01, 0xF0, 0x00, 0x01, 0xF0,
    0x00, 0x01, 0xF0, 0x00, 0x00, 0x00, 0x00, 0x00, 0x00, 0x00, 0x03, 0xF0, 0x00, 0x0F, 0xFC, 0x00,
    0x1F, 0xFE, 0x00, 0x3E, 0x1F, 0x00, 0x7E, 0x0F, 0x00, 0x7C, 0x0F, 0x80, 0x7F, 0xFF, 0x80, 0x7F,
    0xFF, 0x80, 0x7F, 0xFF, 0x80, 0x7C, 0x00, 0x00, 0x7C, 0x00, 0x00, 0x3F, 0x03, 0x00, 0x1F, 0xFF,
    0x00, 0x0F, 0xFF, 0x00, 0x03, 0xFC, 0x00, 0x1F, 0xFF, 0xC0, 0x1F, 0xFF, 0xC0, 0x1F, 0xFF, 0xC0,
    0x1F, 0xFF, 0xC0, 0x1F, 0x00, 0x00, 0x1F, 0x00, 0x00, 0x1F, 0x00, 0x00, 0x1F, 0x00, 0x00, 0x1F,
    0xFF, 0x80, 0x1F, 0xFF, 0x80, 0x1F, 0xFF, 0x80, 0x1F, 0xFF, 0x80, 0x1F, 0x00, 0x00, 0x1F, 0x00,
    0x00, 0x1F, 0x00, 0x00, 0x1F, 0x00, 0x00, 0x1F, 0xFF, 0xC0, 0x1F, 0xFF, 0xC0, 0x1F, 0xFF, 0xC0,
    0x1F, 0xFF, 0xC0, 0x00, 0x06, 0x00, 0x00, 0x0C, 0x00, 0x00, 0x0C, 0x00, 0x00, 0x0F, 0xC0, 0x00,
    0x07, 0xC0, 0x03, 0xF0, 0x00, 0x0F, 0xFC, 0x00, 0x1F, 0xFE, 0x00, 0x3E, 0x1F, 0x00, 0x7E, 0x0F,
    0x00, 0x7C, 0x0F, 0x80, 0x7F, 0xFF, 0x80, 0x7F, 0xFF, 0x80, 0x7F, 0xFF, 0x80, 0x7C, 0x00, 0x00,
    0x7C, 0x00, 0x00, 0x3F, 0x03, 0x00, 0x1F, 0xFF, 0x00, 0x0F, 0xFF, 0x00, 0x03, 0xFC, 0x00, 0x00,
    0x0C, 0x00, 0x00, 0x18, 0x00, 0x00, 0x18, 0x00, 0x00, 0x1F, 0x80, 0x00, 0x0F, 0x80, 0x03, 0x06,
    0x00, 0x01, 0x8C, 0x00, 0x01, 0xFC, 0x00, 0x00, 0xF8, 0x00, 0x00, 0x00, 0x00, 0x00, 0x00, 0x00,
    0x1F, 0xFF, 0xC0, 0x1F, 0xFF, 0xC0, 0x1F, 0xFF, 0xC0, 0x1F, 0xFF, 0xC0, 0x1F, 0x00, 0x00, 0x1F,
    0x00, 0x00, 0x1F, 0x00, 0x00, 0x1F, 0x00, 0x00, 0x1F, 0xFF, 0x80, 0x1F, 0xFF, 0x80, 0x1F, 0xFF,
    0x80, 0x1F, 0xFF, 0x80, 0x1F, 0x00, 0x00, 0x1F, 0x00, 0x00, 0x1F, 0x00, 0x00, 0x1F, 0x00, 0x00,
    0x1F, 0xFF, 0xC0, 0x1F, 0xFF, 0xC0, 0x1F, 0xFF, 0xC0, 0x1F, 0xFF, 0xC0, 0x07, 0x0E, 0x00, 0x03,
    0x9C, 0x00, 0x01, 0xF8, 0x00, 0x01, 0xF8, 0x00, 0x00, 0xF0, 0x00, 0x00, 0x00, 0x00, 0x00, 0x00,
    0x00, 0x03, 0xF0, 0x00, 0x0F, 0xFC, 0x00, 0x1F, 0xFE, 0x00, 0x3E, 0x1F, 0x00, 0x7E, 0x0F, 0x00,
    0x7C, 0x0F, 0x80, 0x7F, 0xFF, 0x80, 0x7F, 0xFF, 0x80, 0x7F, 0xFF, 0x80, 0x7C, 0x00, 0x00, 0x7C,
    0x00, 0x00, 0x3F, 0x03, 0x00, 0x1F, 0xFF, 0x00, 0x0F, 0xFF, 0x00, 0x03, 0xFC, 0x00, 0x00, 0x1E,
    0x00, 0x00, 0x3F, 0x00, 0x00, 0x73, 0x80, 0x00, 0xE1, 0xC0, 0x00, 0x00, 0x00, 0x00, 0x00, 0x00,
    0x00, 0xFF, 0x80, 0x03, 0xFF, 0xF0, 0x0F, 0xFF, 0xF0, 0x1F, 0xFF, 0xF0, 0x3F, 0xC0, 0xF0, 0x3F,
    0x00, 0x10, 0x3E, 0x00, 0x00, 0x7C, 0x00, 0x00, 0x7C, 0x00, 0x00, 0x7C, 0x07, 0xF8, 0x7C, 0x07,
    0xF8, 0x7C, 0x07, 0xF8, 0x7C, 0x07, 0xF8, 0x7E, 0x00, 0xF8, 0x3F, 0x00, 0xF8, 0x3F, 0xC0, 0xF8,
    0x1F, 0xFF, 0xF8, 0x0F, 0xFF, 0xF8, 0x03, 0xFF, 0xF0, 0x00, 0xFF, 0x80, 0x00, 0xF0, 0x00, 0x01,
    0xF8, 0x00, 0x01, 0xF8, 0x00, 0x03, 0x9C, 0x00, 0x07, 0x0E, 0x00, 0x00, 0x00, 0x00, 0x00, 0x00,
    0x00, 0x07, 0x8F, 0x80, 0x1F, 0xEF, 0x80, 0x3F, 0xFF, 0x80, 0x3E, 0x1F, 0x80, 0x7E, 0x1F, 0x80,
    0x7C, 0x0F, 0x80, 0x7C, 0x0F, 0x80, 0x7C, 0x0F, 0x80, 0x7C, 0x0F, 0x80, 0x7C, 0x0F, 0x80, 0x7E,
    0x1F, 0x80, 0x3E, 0x1F, 0x80, 0x3F, 0xFF, 0x80, 0x1F, 0xEF, 0x80, 0x07, 0x8F, 0x80, 0x00, 0x0F,
    0x80, 0x00, 0x1F, 0x00, 0x10, 0x3F, 0x00, 0x1F, 0xFE, 0x00, 0x1F, 0xFC, 0x00, 0x0F, 0xF0, 0x00,
    0x03, 0x06, 0x00, 0x03, 0x8E, 0x00, 0x01, 0xFC, 0x00, 0x00, 0xF8, 0x00, 0x00, 0x00, 0x00, 0x00,
    0x00, 0x00, 0x00, 0xFF, 0x80, 0x03, 0xFF, 0xF0, 0x0F, 0xFF, 0xF0, 0x1F, 0xFF, 0xF0, 0x3F, 0xC0,
    0xF0, 0x3F, 0x00, 0x10, 0x3E, 0x00, 0x00, 0x7C, 0x00, 0x00, 0x7C, 0x00, 0x00, 0x7C, 0x07, 0xF8,
    0x7C, 0x07, 0xF8, 0x7C, 0x07, 0xF8, 0x7C, 0x07, 0xF8, 0x7E, 0x00, 0xF8, 0x3F, 0x00, 0xF8, 0x3F,
    0xC0, 0xF8, 0x1F, 0xFF, 0xF8, 0x0F, 0xFF, 0xF8, 0x03, 0xFF, 0xF0, 0x00, 0xFF, 0x80, 0x06, 0x0C,
    0x00, 0x07, 0x1C, 0x00, 0x03, 0xF8, 0x00, 0x01, 0xF0, 0x00, 0x00, 0x00, 0x00, 0x00, 0x00, 0x00,
    0x00, 0x00, 0x00, 0x07, 0x8F, 0x80, 0x1F, 0xEF, 0x80, 0x3F, 0xFF, 0x80, 0x3E, 0x1F, 0x80, 0x7E,
    0x1F, 0x80, 0x7C, 0x0F, 0x80, 0x7C, 0x0F, 0x80, 0x7C, 0x0F, 0x80, 0x7C, 0x0F, 0x80, 0x7C, 0x0F,
    0x80, 0x7E, 0x1F, 0x80, 0x3E, 0x1F, 0x80, 0x3F, 0xFF, 0x80, 0x1F, 0xEF, 0x80, 0x07, 0x8F, 0x80,
    0x00, 0x0F, 0x80, 0x00, 0x1F, 0x00, 0x10, 0x3F, 0x00, 0x1F, 0xFE, 0x00, 0x1F, 0xFC, 0x00, 0x0F,
    0xF0, 0x00, 0x00, 0x1E, 0x00, 0x00, 0x1E, 0x00, 0x00, 0x1E, 0x00, 0x00, 0x00, 0x00, 0x00, 0x00,
    0x00, 0x00, 0x00, 0x00, 0x00, 0xFF, 0x80, 0x03, 0xFF, 0xF0, 0x0F, 0xFF, 0xF0, 0x1F, 0xFF, 0xF0,
    0x3F, 0xC0, 0xF0, 0x3F, 0x00, 0x10, 0x3E, 0x00, 0x00, 0x7C, 0x00, 0x00, 0x7C, 0x00, 0x00, 0x7C,
    0x07, 0xF8, 0x7C, 0x07, 0xF8, 0x7C, 0x07, 0xF8, 0x7C, 0x07, 0xF8, 0x7E, 0x00, 0xF8, 0x3F, 0x00,
    0xF8, 0x3F, 0xC0, 0xF8, 0x1F, 0xFF, 0xF8, 0x0F, 0xFF, 0xF8, 0x03, 0xFF, 0xF0, 0x00, 0xFF, 0x80,
    0x01, 0xF0, 0x00, 0x01, 0xF0, 0x00, 0x01, 0xF0, 0x00, 0x01, 0xF0, 0x00, 0x01, 0xF0, 0x00, 0x00,
    0x00, 0x00, 0x00, 0x00, 0x00, 0x07, 0x8F, 0x80, 0x1F, 0xEF, 0x80, 0x3F, 0xFF, 0x80, 0x3E, 0x1F,
    0x80, 0x7E, 0x1F, 0x80, 0x7C, 0x0F, 0x80, 0x7C, 0x0F, 0x80, 0x7C, 0x0F, 0x80, 0x7C, 0x0F, 0x80,
    0x7C, 0x0F, 0x80, 0x7E, 0x1F, 0x80, 0x3E, 0x1F, 0x80, 0x3F, 0xFF, 0x80, 0x1F, 0xEF, 0x80, 0x07,
    0x8F, 0x80, 0x00, 0x0F, 0x80, 0x00, 0x1F, 0x00, 0x10, 0x3F, 0x00, 0x1F, 0xFE, 0x00, 0x1F, 0xFC,
    0x00, 0x0F, 0xF0, 0x00, 0x00, 0xFF, 0x80, 0x03, 0xFF, 0xF0, 0x0F, 0xFF, 0xF0, 0x1F, 0xFF, 0xF0,
    0x3F, 0xC0, 0xF0, 0x3F, 0x00, 0x10, 0x3E, 0x00, 0x00, 0x7C, 0x00, 0x00, 0x7C, 0x00, 0x00, 0x7C,
    0x07, 0xF8, 0x7C, 0x07, 0xF8, 0x7C, 0x07, 0xF8, 0x7C, 0x07, 0xF8, 0x7E, 0x00, 0xF8, 0x3F, 0x00,
    0xF8, 0x3F, 0xC0, 0xF8, 0x1F, 0xFF, 0xF8, 0x0F, 0xFF, 0xF8, 0x03, 0xFF, 0xF0, 0x00, 0xFF, 0x80,
    0x00, 0x00, 0x00, 0x00, 0x00, 0x00, 0x00, 0x00, 0x00, 0x00, 0x1F, 0x00, 0x00, 0x1E, 0x00, 0x00,
    0x3C, 0x00, 0x00, 0x38, 0x00, 0x00, 0x38, 0x00, 0x00, 0x78, 0x00, 0x00, 0xF0, 0x00, 0x01, 0xF0,
    0x00, 0x00, 0x00, 0x00, 0x00, 0x00, 0x00, 0x00, 0x00, 0x00, 0x07, 0x8F, 0x80, 0x1F, 0xEF, 0x80,
    0x3F, 0xFF, 0x80, 0x3E, 0x1F, 0x80, 0x7E, 0x1F, 0x80, 0x7C, 0x0F, 0x80, 0x7C, 0x0F, 0x80, 0x7C,
    0x0F, 0x80, 0x7C, 0x0F, 0x80, 0x7C, 0x0F, 0x80, 0x7E, 0x1F, 0x80, 0x3E, 0x1F, 0x80, 0x3F, 0xFF,
    0x80, 0x1F, 0xEF, 0x80, 0x07, 0x8F, 0x80, 0x00, 0x0F, 0x80, 0x00, 0x1F, 0x00, 0x10, 0x3F, 0x00,
    0x1F, 0xFE, 0x00, 0x1F, 0xFC, 0x00, 0x0F, 0xF0, 0x00, 0x00, 0x3C, 0x00, 0x00, 0x7E, 0x00, 0x00,
    0xE7, 0x00, 0x01, 0xC3, 0x80, 0x00, 0x00, 0x00, 0x00, 0x00, 0x00, 0x1F, 0x00, 0xF8, 0x1F, 0x00,
    0xF8, 0x1F, 0x00, 0xF8, 0x1F, 0x00, 0xF8, 0x1F, 0x00, 0xF8, 0x1F, 0x00, 0xF8, 0x1F, 0x00, 0xF8,
    0x1F, 0x00, 0xF8, 0x1F, 0xFF, 0xF8, 0x1F, 0xFF, 0xF8, 0x1F, 0xFF, 0xF8, 0x1F, 0xFF, 0xF8, 0x1F,
    0x00, 0xF8, 0x1F, 0x00, 0xF8, 0x1F, 0x00, 0xF8, 0x1F, 0x00, 0xF8, 0x1F, 0x00, 0xF8, 0x1F, 0x00,
    0xF8, 0x1F, 0x00, 0xF8, 0x1F, 0x00, 0xF8, 0x1F, 0x00, 0x00, 0x3F, 0x80, 0x00, 0x71, 0xC0, 0x00,
    0xE0, 0xE0, 0x00, 0x00, 0x00, 0x00, 0x1F, 0x00, 0x00, 0x1F, 0x00, 0x00, 0x1F, 0x00, 0x00, 0x1F,
    0x00, 0x00, 0x1F, 0x00, 0x00, 0x1F, 0x00, 0x00, 0x1F, 0x1E, 0x00, 0x1F, 0x7F, 0x80, 0x1F, 0xFF,
    0x80, 0x1F, 0x8F, 0xC0, 0x1F, 0x87, 0xC0, 0x1F, 0x07, 0xC0, 0x1F, 0x07, 0xC0, 0x1F, 0x07, 0xC0,
    0x1F, 0x07, 0xC0, 0x1F, 0x07, 0xC0, 0x1F, 0x07, 0xC0, 0x1F, 0x07, 0xC0, 0x1F, 0x07, 0xC0, 0x1F,
    0x07, 0xC0, 0x1F, 0x07, 0xC0, 0x0F, 0x80, 0x7C, 0x00, 0x0F, 0x80, 0x7C, 0x00, 0x3F, 0xFF, 0xFF,
    0x00, 0x3F, 0xFF, 0xFF, 0x00, 0x3F, 0xFF, 0xFF, 0x00, 0x0F, 0x80, 0x7C, 0x00, 0x0F, 0x80, 0x7C,
    0x00, 0x0F, 0x80, 0x7C, 0x00, 0x0F, 0xFF, 0xFC, 0x00, 0x0F, 0xFF, 0xFC, 0x00, 0x0F, 0xFF, 0xFC,
    0x00, 0x0F, 0xFF, 0xFC, 0x00, 0x0F, 0x80, 0x7C, 0x00, 0x0F, 0x80, 0x7C, 0x00, 0x0F, 0x80, 0x7C,
    0x00, 0x0F, 0x80, 0x7C, 0x00, 0x0F, 0x80, 0x7C, 0x00, 0x0F, 0x80, 0x7C, 0x00, 0x0F, 0x80, 0x7C,
    0x00, 0x0F, 0x80, 0x7C, 0x00, 0x0F, 0x80, 0x00, 0x0F, 0x80, 0x00, 0x3F, 0xFC, 0x00, 0x3F, 0xFC,
    0x00, 0x3F, 0xFC, 0x00, 0x0F, 0x80, 0x00, 0x0F, 0x8F, 0x00, 0x0F, 0xBF, 0xC0, 0x0F, 0xFF, 0xC0,
    0x0F, 0xE7, 0xE0, 0x0F, 0xC3, 0xE0, 0x0F, 0x83, 0xE0, 0x0F, 0x83, 0xE0, 0x0F, 0x83, 0xE0, 0x0F,
    0x83, 0xE0, 0x0F, 0x83, 0xE0, 0x0F, 0x83, 0xE0, 0x0F, 0x83, 0xE0, 0x0F, 0x83, 0xE0, 0x0F, 0x83,
    0xE0, 0x0F, 0x83, 0xE0, 0x38, 0xC0, 0x7C, 0xC0, 0x67, 0xC0, 0x63, 0x80, 0x00, 0x00, 0x00, 0x00,
    0x1F, 0x00, 0x1F, 0x00, 0x1F, 0x00, 0x1F, 0x00, 0x1F, 0x00, 0x1F, 0x00, 0x1F, 0x00, 0x1F, 0x00,
    0x1F, 0x00, 0x1F, 0x00, 0x1F, 0x00, 0x1F, 0x00, 0x1F, 0x00, 0x1F, 0x00, 0x1F, 0x00, 0x1F, 0x00,
    0x1F, 0x00, 0x1F, 0x00, 0x1F, 0x00, 0x1F, 0x00, 0x38, 0x60, 0x7C, 0x60, 0xEE, 0xE0, 0xC7, 0xC0,
    0xC3, 0x80, 0x00, 0x00, 0x00, 0x00, 0x1F, 0x00, 0x1F, 0x00, 0x1F, 0x00, 0x1F, 0x00, 0x1F, 0x00,
    0x1F, 0x00, 0x1F, 0x00, 0x1F, 0x00, 0x1F, 0x00, 0x1F, 0x00, 0x1F, 0x00, 0x1F, 0x00, 0x1F, 0x00,
    0x1F, 0x00, 0x1F, 0x00, 0x7F, 0xC0, 0x7F, 0xC0, 0x7F, 0xC0, 0x00, 0x00, 0x00, 0x00, 0x1F, 0x00,
    0x1F, 0x00, 0x1F, 0x00, 0x1F, 0x00, 0x1F, 0x00, 0x1F, 0x00, 0x1F, 0x00, 0x1F, 0x00, 0x1F, 0x00,
    0x1F, 0x00, 0x1F, 0x00, 0x1F, 0x00, 0x1F, 0x00, 0x1F, 0x00, 0x1F, 0x00, 0x1F, 0x00, 0x1F, 0x00,
    0x1F, 0x00, 0x1F, 0x00, 0x1F, 0x00, 0xFF, 0x80, 0xFF, 0x80, 0xFF, 0x80, 0x00, 0x00, 0x00, 0x00,
    0x00, 0x00, 0x3E, 0x00, 0x3E, 0x00, 0x3E, 0x00, 0x3E, 0x00, 0x3E, 0x00, 0x3E, 0x00, 0x3E, 0x00,
    0x3E, 0x00, 0x3E, 0x00, 0x3E, 0x00, 0x3E, 0x00, 0x3E, 0x00, 0x3E, 0x00, 0x3E, 0x00, 0x3E, 0x00,
    0x60, 0xC0, 0x71, 0xC0, 0x3F, 0x80, 0x1F, 0x00, 0x00, 0x00, 0x00, 0x00, 0x1F, 0x00, 0x1F, 0x00,
    0x1F, 0x00, 0x1F, 0x00, 0x1F, 0x00, 0x1F, 0x00, 0x1F, 0x00, 0x1F, 0x00, 0x1F, 0x00, 0x1F, 0x00,
    0x1F, 0x00, 0x1F, 0x00, 0x1F, 0x00, 0x1F, 0x00, 0x1F, 0x00, 0x1F, 0x00, 0x1F, 0x00, 0x1F, 0x00,
    0x1F, 0x00, 0x1F, 0x00, 0xC1, 0x80, 0xE3, 0x80, 0x7F, 0x00, 0x3E, 0x00, 0x00, 0x00, 0x00, 0x00,
    0x00, 0x00, 0x3E, 0x00, 0x3E, 0x00, 0x3E, 0x00, 0x3E, 0x00, 0x3E, 0x00, 0x3E, 0x00, 0x3E, 0x00,
    0x3E, 0x00, 0x3E, 0x00, 0x3E, 0x00, 0x3E, 0x00, 0x3E, 0x00, 0x3E, 0x00, 0x3E, 0x00, 0x3E, 0x00,
    0x1F, 0x00, 0x1F, 0x00, 0x1F, 0x00, 0x1F, 0x00, 0x1F, 0x00, 0x1F, 0x00, 0x1F, 0x00, 0x1F, 0x00,
    0x1F, 0x00, 0x1F, 0x00, 0x1F, 0x00, 0x1F, 0x00, 0x1F, 0x00, 0x1F, 0x00, 0x1F, 0x00, 0x1F, 0x00,
    0x1F, 0x00, 0x1F, 0x00, 0x1F, 0x00, 0x1F, 0x00, 0x03, 0x00, 0x06, 0x00, 0x06, 0x00, 0x07, 0xE0,
    0x03, 0xE0, 0x3E, 0x00, 0x3E, 0x00, 0x3E, 0x00, 0x3E, 0x00, 0x00, 0x00, 0x00, 0x00, 0x3E, 0x00,
    0x3E, 0x00, 0x3E, 0x00, 0x3E, 0x00, 0x3E, 0x00, 0x3E, 0x00, 0x3E, 0x00, 0x3E, 0x00, 0x3E, 0x00,
    0x3E, 0x00, 0x3E, 0x00, 0x3E, 0x00, 0x3E, 0x00, 0x3E, 0x00, 0x3E, 0x00, 0x06, 0x00, 0x0C, 0x00,
    0x0C, 0x00, 0x0F, 0xC0, 0x07, 0xC0, 0x0E, 0x00, 0x0E, 0x00, 0x0E, 0x00, 0x00, 0x00, 0x00, 0x00,
    0x00, 0x00, 0x1F, 0x00, 0x1F, 0x00, 0x1F, 0x00, 0x1F, 0x00, 0x1F, 0x00, 0x1F, 0x00, 0x1F, 0x00,
    0x1F, 0x00, 0x1F, 0x00, 0x1F, 0x00, 0x1F, 0x00, 0x1F, 0x00, 0x1F, 0x00, 0x1F, 0x00, 0x1F, 0x00,
    0x1F, 0x00, 0x1F, 0x00, 0x1F, 0x00, 0x1F, 0x00, 0x1F, 0x00, 0x3E, 0x00, 0x3E, 0x00, 0x3E, 0x00,
    0x3E, 0x00, 0x3E, 0x00, 0x3E, 0x00, 0x3E, 0x00, 0x3E, 0x00, 0x3E, 0x00, 0x3E, 0x00, 0x3E, 0x00,
    0x3E, 0x00, 0x3E, 0x00, 0x3E, 0x00, 0x3E, 0x00, 0x1F, 0x07, 0xC0, 0x1F, 0x07, 0xC0, 0x1F, 0x07,
    0xC0, 0x1F, 0x07, 0xC0, 0x1F, 0x07, 0xC0, 0x1F, 0x07, 0xC0, 0x1F, 0x07, 0xC0, 0x1F, 0x07, 0xC0,
    0x1F, 0x07, 0xC0, 0x1F, 0x07, 0xC0, 0x1F, 0x07, 0xC0, 0x1F, 0x07, 0xC0, 0x1F, 0x07, 0xC0, 0x1F,
    0x07, 0xC0, 0x1F, 0x07, 0xC0, 0x1F, 0x07, 0xC0, 0x1F, 0x07, 0xC0, 0x1F, 0x07, 0xC0, 0x1F, 0x07,
    0xC0, 0x1F, 0x07, 0xC0, 0x00, 0x07, 0xC0, 0x00, 0x0F, 0xC0, 0x00, 0x7F, 0x80, 0x00, 0x7F, 0x80,
    0x00, 0x7F, 0x00, 0x00, 0x7C, 0x00, 0x3E, 0x0F, 0x80, 0x3E, 0x0F, 0x80, 0x3E, 0x0F, 0x80, 0x3E,
    0x0F, 0x80, 0x00, 0x00, 0x00, 0x00, 0x00, 0x00, 0x3E, 0x0F, 0x80, 0x3E, 0x0F, 0x80, 0x3E, 0x0F,
    0x80, 0x3E, 0x0F, 0x80, 0x3E, 0x0F, 0x80, 0x3E, 0x0F, 0x80, 0x3E, 0x0F, 0x80, 0x3E, 0x0F, 0x80,
    0x3E, 0x0F, 0x80, 0x3E, 0x0F, 0x80, 0x3E, 0x0F, 0x80, 0x3E, 0x0F, 0x80, 0x3E, 0x0F, 0x80, 0x3E,
    0x0F, 0x80, 0x3E, 0x0F, 0x80, 0x00, 0x0F, 0x80, 0x00, 0x0F, 0x80, 0x00, 0x1F, 0x80, 0x00, 0x7F,
    0x00, 0x00, 0x7E, 0x00, 0x00, 0x7C, 0x00, 0x0F, 0x80, 0x1F, 0xC0, 0x19, 0xC0, 0x30, 0x60, 0x00,
    0x00, 0x00, 0x00, 0x0F, 0x80, 0x0F, 0x80, 0x0F, 0x80, 0x0F, 0x80, 0x0F, 0x80, 0x0F, 0x80, 0x0F,
    0x80, 0x0F, 0x80, 0x0F, 0x80, 0x0F, 0x80, 0x0F, 0x80, 0x0F, 0x80, 0x0F, 0x80, 0x0F, 0x80, 0x0F,
    0x80, 0x0F, 0x80, 0x0F, 0x80, 0x0F, 0x80, 0x0F, 0x80, 0x0F, 0x80, 0x0F, 0x80, 0x1F, 0x80, 0xFF,
    0x00, 0xFF, 0x00, 0xFE, 0x00, 0xF8, 0x00, 0x0E, 0x00, 0x1F, 0x00, 0x3B, 0x80, 0x31, 0x80, 0x60,
    0xC0, 0x00, 0x00, 0x00, 0x00, 0x1F, 0x00, 0x1F, 0x00, 0x1F, 0x00, 0x1F, 0x00, 0x1F, 0x00, 0x1F,
    0x00, 0x1F, 0x00, 0x1F, 0x00, 0x1F, 0x00, 0x1F, 0x00, 0x1F, 0x00, 0x1F, 0x00, 0x1F, 0x00, 0x1F,
    0x00, 0x1F, 0x00, 0x1F, 0x00, 0x1F, 0x00, 0x3F, 0x00, 0xFE, 0x00, 0xFC, 0x00, 0xF8, 0x00, 0x1F,
    0x01, 0xF8, 0x1F, 0x03, 0xF0, 0x1F, 0x07, 0xE0, 0x1F, 0x0F, 0xC0, 0x1F, 0x1F, 0x80, 0x1F, 0x3F,
    0x00, 0x1F, 0x7E, 0x00, 0x1F, 0xFC, 0x00, 0x1F, 0xF8, 0x00, 0x1F, 0xF0, 0x00, 0x1F, 0xF8, 0x00,
    0x1F, 0xFC, 0x00, 0x1F, 0xFE, 0x00, 0x1F, 0x7F, 0x00, 0x1F, 0x3F, 0x80, 0x1F, 0x0F, 0xC0, 0x1F,
    0x07, 0xE0, 0x1F, 0x03, 0xF0, 0x1F, 0x01, 0xF8, 0x1F, 0x00, 0xFC, 0x00, 0x00, 0x00, 0x00, 0x00,
    0x00, 0x00, 0x1F, 0x00, 0x00, 0x1E, 0x00, 0x00, 0x3C, 0x00, 0x00, 0x38, 0x00, 0x3E, 0x00, 0x00,
    0x3E, 0x00, 0x00, 0x3E, 0x00, 0x00, 0x3E, 0x00, 0x00, 0x3E, 0x00, 0x00, 0x3E, 0x00, 0x00, 0x3E,
    0x0F, 0x80, 0x3E, 0x1F, 0x00, 0x3E, 0x3E, 0x00, 0x3E, 0x7C, 0x00, 0x3E, 0xF8, 0x00, 0x3F, 0xF0,
    0x00, 0x3F, 0xE0, 0x00, 0x3F, 0xE0, 0x00, 0x3F, 0xF0, 0x00, 0x3E, 0xF8, 0x00, 0x3E, 0x7C, 0x00,
    0x3E, 0x3E, 0x00, 0x3E, 0x1F, 0x00, 0x3E, 0x0F, 0x80, 0x3E, 0x07, 0xE0, 0x00, 0x00, 0x00, 0x00,
    0x00, 0x00, 0x00, 0x7C, 0x00, 0x00, 0x78, 0x00, 0x00, 0xF0, 0x00, 0x00, 0xE0, 0x00, 0x3E, 0x0F,
    0x80, 0x3E, 0x1F, 0x00, 0x3E, 0x3E, 0x00, 0x3E, 0x7C, 0x00, 0x3E, 0xF8, 0x00, 0x3F, 0xF0, 0x00,
    0x3F, 0xE0, 0x00, 0x3F, 0xE0, 0x00, 0x3F, 0xF0, 0x00, 0x3E, 0xF8, 0x00, 0x3E, 0x7C, 0x00, 0x3E,
    0x3E, 0x00, 0x3E, 0x1F, 0x00, 0x3E, 0x0F, 0x80, 0x3E, 0x07, 0xE0, 0x01, 0xC0, 0x00, 0x03, 0x80,
    0x00, 0x07, 0x00, 0x00, 0x0E, 0x00, 0x00, 0x00, 0x00, 0x00, 0x00, 0x00, 0x00, 0x1F, 0x00, 0x00,
    0x1F, 0x00, 0x00, 0x1F, 0x00, 0x00, 0x1F, 0x00, 0x00, 0x1F, 0x00, 0x00, 0x1F, 0x00, 0x00, 0x1F,
    0x00, 0x00, 0x1F, 0x00, 0x00, 0x1F, 0x00, 0x00, 0x1F, 0x00, 0x00, 0x1F, 0x00, 0x00, 0x1F, 0x00,
    0x00, 0x1F, 0x00, 0x00, 0x1F, 0x00, 0x00, 0x1F, 0x00, 0x00, 0x1F, 0x00, 0x00, 0x1F, 0xFF, 0xC0,
    0x1F, 0xFF, 0xC0, 0x1F, 0xFF, 0xC0, 0x1F, 0xFF, 0xC0, 0x03, 0x80, 0x07, 0x00, 0x0E, 0x00, 0x1C,
    0x00, 0x00, 0x00, 0x3E, 0x00, 0x3E, 0x00, 0x3E, 0x00, 0x3E, 0x00, 0x3E, 0x00, 0x3E, 0x00, 0x3E,
    0x00, 0x3E, 0x00, 0x3E, 0x00, 0x3E, 0x00, 0x3E, 0x00, 0x3E, 0x00, 0x3E, 0x00, 0x3E, 0x00, 0x3E,
    0x00, 0x3E, 0x00, 0x3E, 0x00, 0x3E, 0x00, 0x3E, 0x00, 0x3E, 0x00, 0x3E, 0x00, 0x1F, 0x00, 0x00,
    0x1F, 0x00, 0x00, 0x1F, 0x00, 0x00, 0x1F, 0x00, 0x00, 0x1F, 0x00, 0x00, 0x1F, 0x00, 0x00, 0x1F,
    0x00, 0x00, 0x1F, 0x00, 0x00, 0x1F, 0x00, 0x00, 0x1F, 0x00, 0x00, 0x1F, 0x00, 0x00, 0x1F, 0x00,
    0x00, 0x1F, 0x00, 0x00, 0x1F, 0x00, 0x00, 0x1F, 0x00, 0x00, 0x1F, 0x00, 0x00, 0x1F, 0xFF, 0xC0,
    0x1F, 0xFF, 0xC0, 0x1F, 0xFF, 0xC0, 0x1F, 0xFF, 0xC0, 0x00, 0x00, 0x00, 0x00, 0x00, 0x00, 0x00,
    0xF8, 0x00, 0x00, 0xF0, 0x00, 0x01, 0xE0, 0x00, 0x01, 0xC0, 0x00, 0x3E, 0x00, 0x3E, 0x00, 0x3E,
    0x00, 0x3E, 0x00, 0x3E, 0x00, 0x3E, 0x00, 0x3E, 0x00, 0x3E, 0x00, 0x3E, 0x00, 0x3E, 0x00, 0x3E,
    0x00, 0x3E, 0x00, 0x3E, 0x00, 0x3E, 0x00, 0x3E, 0x00, 0x3E, 0x00, 0x3E, 0x00, 0x3E, 0x00, 0x3E,
    0x00, 0x3E, 0x00, 0x3E, 0x00, 0x00, 0x00, 0x00, 0x00, 0x1F, 0x00, 0x1E, 0x00, 0x3C, 0x00, 0x38,
    0x00, 0x1F, 0x07, 0x80, 0x1F, 0x07, 0x00, 0x1F, 0x07, 0x00, 0x1F, 0x0E, 0x00, 0x1F, 0x0E, 0x00,
    0x1F, 0x00, 0x00, 0x1F, 0x00, 0x00, 0x1F, 0x00, 0x00, 0x1F, 0x00, 0x00, 0x1F, 0x00, 0x00, 0x1F,
    0x00, 0x00, 0x1F, 0x00, 0x00, 0x1F, 0x00, 0x00, 0x1F, 0x00, 0x00, 0x1F, 0x00, 0x00, 0x1F, 0x00,
    0x00, 0x1F, 0xFF, 0xC0, 0x1F, 0xFF, 0xC0, 0x1F, 0xFF, 0xC0, 0x1F, 0xFF, 0xC0, 0x3E, 0x78, 0x3E,
    0x70, 0x3E, 0x70, 0x3E, 0xE0, 0x3E, 0xE0, 0x3E, 0x00, 0x3E, 0x00, 0x3E, 0x00, 0x3E, 0x00, 0x3E,
    0x00, 0x3E, 0x00, 0x3E, 0x00, 0x3E, 0x00, 0x3E, 0x00, 0x3E, 0x00, 0x3E, 0x00, 0x3E, 0x00, 0x3E,
    0x00, 0x3E, 0x00, 0x3E, 0x00, 0x3E, 0x00, 0x1F, 0x00, 0x00, 0x1F, 0x00, 0x00, 0x1F, 0x00, 0x00,
    0x1F, 0x00, 0x00, 0x1F, 0x00, 0x00, 0x1F, 0x0F, 0x80, 0x1F, 0x0F, 0x80, 0x1F, 0x0F, 0x80, 0x1F,
    0x0F, 0x80, 0x1F, 0x0F, 0x80, 0x1F, 0x00, 0x00, 0x1F, 0x00, 0x00, 0x1F, 0x00, 0x00, 0x1F, 0x00,
    0x00, 0x1F, 0x00, 0x00, 0x1F, 0x00, 0x00, 0x1F, 0xFF, 0xC0, 0x1F, 0xFF, 0xC0, 0x1F, 0xFF, 0xC0,
    0x1F, 0xFF, 0xC0, 0x3E, 0x00, 0x3E, 0x00, 0x3E, 0x00, 0x3E, 0x00, 0x3E, 0x00, 0x3E, 0x00, 0x3E,
    0x00, 0x3E, 0x7C, 0x3E, 0x7C, 0x3E, 0x7C, 0x3E, 0x7C, 0x3E, 0x7C, 0x3E, 0x00, 0x3E, 0x00, 0x3E,
    0x00, 0x3E, 0x00, 0x3E, 0x00, 0x3E, 0x00, 0x3E, 0x00, 0x3E, 0x00, 0x3E, 0x00, 0x0F, 0x80, 0x00,
    0x0F, 0x80, 0x00, 0x0F, 0x80, 0x00, 0x0F, 0x88, 0x00, 0x0F, 0xB8, 0x00, 0x0F, 0xFC, 0x00, 0x0F,
    0xF8, 0x00, 0x0F, 0xF0, 0x00, 0x0F, 0xC0, 0x00, 0x1F, 0x80, 0x00, 0x3F, 0x80, 0x00, 0xFF, 0x80,
    0x00, 0xFF, 0x80, 0x00, 0x6F, 0x80, 0x00, 0x0F, 0x80, 0x00, 0x0F, 0x80, 0x00, 0x0F, 0xFF, 0xC0,
    0x0F, 0xFF, 0xC0, 0x0F, 0xFF, 0xC0, 0x0F, 0xFF, 0xC0, 0x1F, 0x00, 0x1F, 0x00, 0x1F, 0x00, 0x1F,
    0x00, 0x1F, 0x00, 0x1F, 0x00, 0x1F, 0xC0, 0x1F, 0xE0, 0x1F, 0xC0, 0x1F, 0x80, 0x7F, 0x00, 0x7F,
    0x00, 0x7F, 0x00, 0x1F, 0x00, 0x1F, 0x00, 0x1F, 0x00, 0x1F, 0x00, 0x1F, 0x00, 0x1F, 0x00, 0x1F,
    0x00, 0x1F, 0x00, 0x00, 0x0E, 0x00, 0x00, 0x1C, 0x00, 0x00, 0x38, 0x00, 0x00, 0x70, 0x00, 0x00,
    0x00, 0x00, 0x00, 0x00, 0x00, 0x1F, 0x80, 0xF8, 0x1F, 0xC0, 0xF8, 0x1F, 0xC0, 0xF8, 0x1F, 0xE0,
    0xF8, 0x1F, 0xE0, 0xF8, 0x1F, 0xE0, 0xF8, 0x1F, 0x70, 0xF8, 0x1F, 0x70, 0xF8, 0x1F, 0x38, 0xF8,
    0x1F, 0x38, 0xF8, 0x1F, 0x1C, 0xF8, 0x1F, 0x1C, 0xF8, 0x1F, 0x0E, 0xF8, 0x1F, 0x0E, 0xF8, 0x1F,
    0x0F, 0xF8, 0x1F, 0x07, 0xF8, 0x1F, 0x07, 0xF8, 0x1F, 0x03, 0xF8, 0x1F, 0x03, 0xF8, 0x1F, 0x01,
    0xF8, 0x00, 0x1C, 0x00, 0x00, 0x38, 0x00, 0x00, 0x70, 0x00, 0x00, 0xE0, 0x00, 0x01, 0xC0, 0x00,
    0x00, 0x00, 0x00, 0x00, 0x00, 0x00, 0x3E, 0x3C, 0x00, 0x3E, 0xFF, 0x00, 0x3F, 0xFF, 0x00, 0x3F,
    0x1F, 0x80, 0x3F, 0x0F, 0x80, 0x3E, 0x0F, 0x80, 0x3E, 0x0F, 0x80, 0x3E, 0x0F, 0x80, 0x3E, 0x0F,
    0x80, 0x3E, 0x0F, 0x80, 0x3E, 0x0F, 0x80, 0x3E, 0x0F, 0x80, 0x3E, 0x0F, 0x80, 0x3E, 0x0F, 0x80,
    0x3E, 0x0F, 0x80, 0x1F, 0x80, 0xF8, 0x1F, 0xC0, 0xF8, 0x1F, 0xC0, 0xF8, 0x1F, 0xE0, 0xF8, 0x1F,
    0xE0, 0xF8, 0x1F, 0xE0, 0xF8, 0x1F, 0x70, 0xF8, 0x1F, 0x70, 0xF8, 0x1F, 0x38, 0xF8, 0x1F, 0x38,
    0xF8, 0x1F, 0x1C, 0xF8, 0x1F, 0x1C, 0xF8, 0x1F, 0x0E, 0xF8, 0x1F, 0x0E, 0xF8, 0x1F, 0x0F, 0xF8,
    0x1F, 0x07, 0xF8, 0x1F, 0x07, 0xF8, 0x1F, 0x03, 0xF8, 0x1F, 0x03, 0xF8, 0x1F, 0x01, 0xF8, 0x00,
    0x00, 0x00, 0x00, 0x00, 0x00, 0x00, 0x3E, 0x00, 0x00, 0x3C, 0x00, 0x00, 0x78, 0x00, 0x00, 0x70,
    0x00, 0x3E, 0x3C, 0x00, 0x3E, 0xFF, 0x00, 0x3F, 0xFF, 0x00, 0x3F, 0x1F, 0x80, 0x3F, 0x0F, 0x80,
    0x3E, 0x0F, 0x80, 0x3E, 0x0F, 0x80, 0x3E, 0x0F, 0x80, 0x3E, 0x0F, 0x80, 0x3E, 0x0F, 0x80, 0x3E,
    0x0F, 0x80, 0x3E, 0x0F, 0x80, 0x3E, 0x0F, 0x80, 0x3E, 0x0F, 0x80, 0x3E, 0x0F, 0x80, 0x00, 0x00,
    0x00, 0x00, 0x00, 0x00, 0x00, 0xF8, 0x00, 0x00, 0xF0, 0x00, 0x01, 0xE0, 0x00, 0x01, 0xC0, 0x00,
    0x01, 0xC3, 0x80, 0x00, 0xE7, 0x00, 0x00, 0x7E, 0x00, 0x00, 0x3C, 0x00, 0x00, 0x00, 0x00, 0x00,
    0x00, 0x00, 0x1F, 0x80, 0xF8, 0x1F, 0xC0, 0xF8, 0x1F, 0xC0, 0xF8, 0x1F, 0xE0, 0xF8, 0x1F, 0xE0,
    0xF8, 0x1F, 0xE0, 0xF8, 0x1F, 0x70, 0xF8, 0x1F, 0x70, 0xF8, 0x1F, 0x38, 0xF8, 0x1F, 0x38, 0xF8,
    0x1F, 0x1C, 0xF8, 0x1F, 0x1C, 0xF8, 0x1F, 0x0E, 0xF8, 0x1F, 0x0E, 0xF8, 0x1F, 0x0F, 0xF8, 0x1F,
    0x07, 0xF8, 0x1F, 0x07, 0xF8, 0x1F, 0x03, 0xF8, 0x1F, 0x03, 0xF8, 0x1F, 0x01, 0xF8, 0x0E, 0x1C,
    0x00, 0x07, 0x38, 0x00, 0x03, 0xF0, 0x00, 0x03, 0xF0, 0x00, 0x01, 0xE0, 0x00, 0x00, 0x00, 0x00,
    0x00, 0x00, 0x00, 0x3E, 0x3C, 0x00, 0x3E, 0xFF, 0x00, 0x3F, 0xFF, 0x00, 0x3F, 0x1F, 0x80, 0x3F,
    0x0F, 0x80, 0x3E, 0x0F, 0x80, 0x3E, 0x0F, 0x80, 0x3E, 0x0F, 0x80, 0x3E, 0x0F, 0x80, 0x3E, 0x0F,
    0x80, 0x3E, 0x0F, 0x80, 0x3E, 0x0F, 0x80, 0x3E, 0x0F, 0x80, 0x3E, 0x0F, 0x80, 0x3E, 0x0F, 0x80,
    0x1F, 0x00, 0x00, 0x00, 0x1F, 0x00, 0x00, 0x00, 0x1F, 0x00, 0x00, 0x00, 0x1F, 0x00, 0x00, 0x00,
    0x1F, 0x00, 0x00, 0x00, 0x1E, 0x7C, 0x78, 0x00, 0x3E, 0x7D, 0xFE, 0x00, 0x3C, 0x7F, 0xFE, 0x00,
    0x38, 0x7E, 0x3F, 0x00, 0x00, 0x7E, 0x1F, 0x00, 0x00, 0x7C, 0x1F, 0x00, 0x00, 0x7C, 0x1F, 0x00,
    0x00, 0x7C, 0x1F, 0x00, 0x00, 0x7C, 0x1F, 0x00, 0x00, 0x7C, 0x1F, 0x00, 0x00, 0x7C, 0x1F, 0x00,
    0x00, 0x7C, 0x1F, 0x00, 0x00, 0x7C, 0x1F, 0x00, 0x00, 0x7C, 0x1F, 0x00, 0x00, 0x7C, 0x1F, 0x00,
    0x1F, 0x1F, 0x80, 0x1F, 0x3F, 0xE0, 0x1F, 0x7F, 0xF0, 0x1F, 0xFF, 0xF0, 0x1F, 0xC3, 0xF8, 0x1F,
    0x81, 0xF8, 0x1F, 0x80, 0xF8, 0x1F, 0x00, 0xF8, 0x1F, 0x00, 0xF8, 0x1F, 0x00, 0xF8, 0x1F, 0x00,
    0xF8, 0x1F, 0x00, 0xF8, 0x1F, 0x00, 0xF8, 0x1F, 0x00, 0xF8, 0x1F, 0x00, 0xF8, 0x1F, 0x00, 0xF8,
    0x1F, 0x00, 0xF8, 0x1F, 0x00, 0xF8, 0x1F, 0x00, 0xF8, 0x1F, 0x00, 0xF8, 0x00, 0x00, 0xF8, 0x00,
    0x01, 0xF8, 0x00, 0x0F, 0xF0, 0x00, 0x0F, 0xF0, 0x00, 0x0F, 0xE0, 0x00, 0x0F, 0x80, 0x3E, 0x3C,
    0x00, 0x3E, 0xFF, 0x00, 0x3F, 0xFF, 0x00, 0x3F, 0x1F, 0x80, 0x3F, 0x0F, 0x80, 0x3E, 0x0F, 0x80,
    0x3E, 0x0F, 0x80, 0x3E, 0x0F, 0x80, 0x3E, 0x0F, 0x80, 0x3E, 0x0F, 0x80, 0x3E, 0x0F, 0x80, 0x3E,
    0x0F, 0x80, 0x3E, 0x0F, 0x80, 0x3E, 0x0F, 0x80, 0x3E, 0x0F, 0x80, 0x00, 0x0F, 0x80, 0x00, 0x0F,
    0x80, 0x00, 0x1F, 0x80, 0x01, 0xFF, 0x00, 0x01, 0xFE, 0x00, 0x01, 0xFC, 0x00, 0x01, 0xFF, 0x00,
    0x01, 0xFF, 0x00, 0x01, 0xFF, 0x00, 0x00, 0x00, 0x00, 0x00, 0x00, 0x00, 0x00, 0xFE, 0x00, 0x07,
    0xFF, 0xC0, 0x0F, 0xFF, 0xE0, 0x1F, 0xFF, 0xF0, 0x3F, 0x83, 0xF8, 0x3F, 0x01, 0xF8, 0x7E, 0x00,
    0xFC, 0x7C, 0x00, 0x7C, 0x7C, 0x00, 0x7C, 0x7C, 0x00, 0x7C, 0x7C, 0x00, 0x7C, 0x7C, 0x00, 0x7C,
    0x7C, 0x00, 0x7C, 0x7E, 0x00, 0xFC, 0x3F, 0x01, 0xF8, 0x3F, 0x83, 0xF8, 0x1F, 0xFF, 0xF0, 0x0F,
    0xFF, 0xE0, 0x07, 0xFF, 0xC0, 0x00, 0xFF, 0x00, 0x07, 0xFC, 0x00, 0x07, 0xFC, 0x00, 0x07, 0xFC,
    0x00, 0x00, 0x00, 0x00, 0x00, 0x00, 0x00, 0x00, 0x00, 0x00, 0x03, 0xF8, 0x00, 0x0F, 0xFE, 0x00,
    0x1F, 0xFF, 0x00, 0x3F, 0x1F, 0x80, 0x3E, 0x0F, 0xC0, 0x7C, 0x07, 0xC0, 0x7C, 0x07, 0xC0, 0x7C,
    0x07, 0xC0, 0x7C, 0x07, 0xC0, 0x7C, 0x07, 0xC0, 0x7E, 0x0F, 0xC0, 0x3F, 0x1F, 0x80, 0x1F, 0xFF,
    0x00, 0x0F, 0xFE, 0x00, 0x03, 0xF8, 0x00, 0x01, 0x83, 0x00, 0x01, 0xC7, 0x00, 0x00, 0xFE, 0x00,
    0x00, 0x7C, 0x00, 0x00, 0x00, 0x00, 0x00, 0x00, 0x00, 0x00, 0xFE, 0x00, 0x07, 0xFF, 0xC0, 0x0F,
    0xFF, 0xE0, 0x1F, 0xFF, 0xF0, 0x3F, 0x83, 0xF8, 0x3F, 0x01, 0xF8, 0x7E, 0x00, 0xFC, 0x7C, 0x00,
    0x7C, 0x7C, 0x00, 0x7C, 0x7C, 0x00, 0x7C, 0x7C, 0x00, 0x7C, 0x7C, 0x00, 0x7C, 0x7C, 0x00, 0x7C,
    0x7E, 0x00, 0xFC, 0x3F, 0x01, 0xF8, 0x3F, 0x83, 0xF8, 0x1F, 0xFF, 0xF0, 0x0F, 0xFF, 0xE0, 0x07,
    0xFF, 0xC0, 0x00, 0xFF, 0x00, 0x06, 0x0C, 0x00, 0x07, 0x1C, 0x00, 0x03, 0xF8, 0x00, 0x01, 0xF0,
    0x00, 0x00, 0x00, 0x00, 0x00, 0x00, 0x00, 0x00, 0x00, 0x00, 0x03, 0xF8, 0x00, 0x0F, 0xFE, 0x00,
    0x1F, 0xFF, 0x00, 0x3F, 0x1F, 0x80, 0x3E, 0x0F, 0xC0, 0x7C, 0x07, 0xC0, 0x7C, 0x07, 0xC0, 0x7C,
    0x07, 0xC0, 0x7C, 0x07, 0xC0, 0x7C, 0x07, 0xC0, 0x7E, 0x0F, 0xC0, 0x3F, 0x1F, 0x80, 0x1F, 0xFF,
    0x00, 0x0F, 0xFE, 0x00, 0x03, 0xF8, 0x00, 0x00, 0x39, 0xC0, 0x00, 0x73, 0x80, 0x00, 0xE7, 0x00,
    0x01, 0xCE, 0x00, 0x00, 0x00, 0x00, 0x00, 0x00, 0x00, 0x00, 0xFE, 0x00, 0x07, 0xFF, 0xC0, 0x0F,
    0xFF, 0xE0, 0x1F, 0xFF, 0xF0, 0x3F, 0x83, 0xF8, 0x3F, 0x01, 0xF8, 0x7E, 0x00, 0xFC, 0x7C, 0x00,
    0x7C, 0x7C, 0x00, 0x7C, 0x7C, 0x00, 0x7C, 0x7C, 0x00, 0x7C, 0x7C, 0x00, 0x7C, 0x7C, 0x00, 0x7C,
    0x7E, 0x00, 0xFC, 0x3F, 0x01, 0xF8, 0x3F, 0x83, 0xF8, 0x1F, 0xFF, 0xF0, 0x0F, 0xFF, 0xE0, 0x07,
    0xFF, 0xC0, 0x00, 0xFF, 0x00, 0x00, 0x73, 0x80, 0x00, 0xE7, 0x00, 0x01, 0xCE, 0x00, 0x01, 0x8C,
    0x00, 0x03, 0x9C, 0x00, 0x00, 0x00, 0x00, 0x00, 0x00, 0x00, 0x03, 0xF8, 0x00, 0x0F, 0xFE, 0x00,
    0x1F, 0xFF, 0x00, 0x3F, 0x1F, 0x80, 0x3E, 0x0F, 0xC0, 0x7C, 0x07, 0xC0, 0x7C, 0x07, 0xC0, 0x7C,
    0x07, 0xC0, 0x7C, 0x07, 0xC0, 0x7C, 0x07, 0xC0, 0x7E, 0x0F, 0xC0, 0x3F, 0x1F, 0x80, 0x1F, 0xFF,
    0x00, 0x0F, 0xFE, 0x00, 0x03, 0xF8, 0x00, 0x00, 0xFF, 0xFF, 0xFC, 0x00, 0x03, 0xFF, 0xFF, 0xFC,
    0x00, 0x0F, 0xFF, 0xFF, 0xFC, 0x00, 0x1F, 0xFF, 0xFF, 0xFC, 0x00, 0x3F, 0xC1, 0xF0, 0x00, 0x00,
    0x3F, 0x01, 0xF0, 0x00, 0x00, 0x7E, 0x01, 0xF0, 0x00, 0x00, 0x7C, 0x01, 0xF0, 0x00, 0x00, 0x7C,
    0x01, 0xFF, 0xF8, 0x00, 0x7C, 0x01, 0xFF, 0xF8, 0x00, 0x7C, 0x01, 0xFF, 0xF8, 0x00, 0x7C, 0x01,
    0xFF, 0xF8, 0x00, 0x7C, 0x01, 0xF0, 0x00, 0x00, 0x7E, 0x01, 0xF0, 0x00, 0x00, 0x3F, 0x01, 0xF0,
    0x00, 0x00, 0x3F, 0xC1, 0xF0, 0x00, 0x00, 0x1F, 0xFF, 0xFF, 0xFC, 0x00, 0x0F, 0xFF, 0xFF, 0xFC,
    0x00, 0x03, 0xFF, 0xFF, 0xFC, 0x00, 0x00, 0xFF, 0xFF, 0xFC, 0x00, 0x00, 0x00, 0x00, 0x00, 0x00,
    0x00, 0x00, 0x00, 0x00, 0x00, 0x03, 0xF8, 0x3F, 0x00, 0x0F, 0xFE, 0xFF, 0xC0, 0x1F, 0xFF, 0xFF,
    0xE0, 0x3F, 0x1F, 0xE1, 0xF0, 0x3E, 0x0F, 0xE0, 0xF0, 0x7C, 0x07, 0xC0, 0xF8, 0x7C, 0x07, 0xFF,
    0xF8, 0x7C, 0x07, 0xFF, 0xF8, 0x7C, 0x07, 0xFF, 0xF8, 0x7C, 0x07, 0xC0, 0x00, 0x7E, 0x0F, 0xC0,
    0x00, 0x3F, 0x1F, 0xF0, 0x30, 0x1F, 0xFF, 0xFF, 0xF0, 0x0F, 0xFE, 0xFF, 0xF0, 0x03, 0xF8, 0x3F,
    0xC0, 0x00, 0x1C, 0x00, 0x00, 0x38, 0x00, 0x00, 0x70, 0x00, 0x00, 0xE0, 0x00, 0x00, 0x00, 0x00,
    0x00, 0x00, 0x00, 0x1F, 0xFE, 0x00, 0x1F, 0xFF, 0x80, 0x1F, 0xFF, 0xC0, 0x1F, 0xFF, 0xE0, 0x1F,
    0x07, 0xE0, 0x1F, 0x03, 0xE0, 0x1F, 0x03, 0xE0, 0x1F, 0x03, 0xE0, 0x1F, 0x07, 0xC0, 0x1F, 0xFF,
    0xC0, 0x1F, 0xFF, 0x00, 0x1F, 0xFF, 0x00, 0x1F, 0xFF, 0x80, 0x1F, 0x0F, 0xC0, 0x1F, 0x07, 0xE0,
    0x1F, 0x07, 0xE0, 0x1F, 0x03, 0xF0, 0x1F, 0x01, 0xF0, 0x1F, 0x01, 0xF8, 0x1F, 0x00, 0xFC, 0x00,
    0x1C, 0x00, 0x38, 0x00, 0x70, 0x00, 0xE0, 0x01, 0xC0, 0x00, 0x00, 0x00, 0x00, 0x3E, 0x78, 0x3E,
    0xF8, 0x3F, 0xF8, 0x3F, 0xF8, 0x3F, 0x88, 0x3F, 0x00, 0x3E, 0x00, 0x3E, 0x00, 0x3E, 0x00, 0x3E,
    0x00, 0x3E, 0x00, 0x3E, 0x00, 0x3E, 0x00, 0x3E, 0x00, 0x3E, 0x00, 0x1F, 0xFE, 0x00, 0x1F, 0xFF,
    0x80, 0x1F, 0xFF, 0xC0, 0x1F, 0xFF, 0xE0, 0x1F, 0x07, 0xE0, 0x1F, 0x03, 0xE0, 0x1F, 0x03, 0xE0,
    0x1F, 0x03, 0xE0, 0x1F, 0x07, 0xC0, 0x1F, 0xFF, 0xC0, 0x1F, 0xFF, 0x00, 0x1F, 0xFF, 0x00, 0x1F,
    0xFF, 0x80, 0x1F, 0x0F, 0xC0, 0x1F, 0x07, 0xE0, 0x1F, 0x07, 0xE0, 0x1F, 0x03, 0xF0, 0x1F, 0x01,
    0xF0, 0x1F, 0x01, 0xF8, 0x1F, 0x00, 0xFC, 0x00, 0x00, 0x00, 0x00, 0x00, 0x00, 0x00, 0x3E, 0x00,
    0x00, 0x3C, 0x00, 0x00, 0x78, 0x00, 0x00, 0x70, 0x00, 0x3E, 0x78, 0x3E, 0xF8, 0x3F, 0xF8, 0x3F,
    0xF8, 0x3F, 0x88, 0x3F, 0x00, 0x3E, 0x00, 0x3E, 0x00, 0x3E, 0x00, 0x3E, 0x00, 0x3E, 0x00, 0x3E,
    0x00, 0x3E, 0x00, 0x3E, 0x00, 0x3E, 0x00, 0x00, 0x00, 0x00, 0x00, 0x1F, 0x00, 0x1E, 0x00, 0x3C,
    0x00, 0x38, 0x00, 0x07, 0x0E, 0x00, 0x03, 0x9C, 0x00, 0x01, 0xF8, 0x00, 0x00, 0xF0, 0x00, 0x00,
    0x00, 0x00, 0x00, 0x00, 0x00, 0x1F, 0xFE, 0x00, 0x1F, 0xFF, 0x80, 0x1F, 0xFF, 0xC0, 0x1F, 0xFF,
    0xE0, 0x1F, 0x07, 0xE0, 0x1F, 0x03, 0xE0, 0x1F, 0x03, 0xE0, 0x1F, 0x03, 0xE0, 0x1F, 0x07, 0xC0,
    0x1F, 0xFF, 0xC0, 0x1F, 0xFF, 0x00, 0x1F, 0xFF, 0x00, 0x1F, 0xFF, 0x80, 0x1F, 0x0F, 0xC0, 0x1F,
    0x07, 0xE0, 0x1F, 0x07, 0xE0, 0x1F, 0x03, 0xF0, 0x1F, 0x01, 0xF0, 0x1F, 0x01, 0xF8, 0x1F, 0x00,
    0xFC, 0x1C, 0x38, 0x0E, 0x70, 0x07, 0xE0, 0x07, 0xE0, 0x03, 0xC0, 0x00, 0x00, 0x00, 0x00, 0x3E,
    0x78, 0x3E, 0xF8, 0x3F, 0xF8, 0x3F, 0xF8, 0x3F, 0x88, 0x3F, 0x00, 0x3E, 0x00, 0x3E, 0x00, 0x3E,
    0x00, 0x3E, 0x00, 0x3E, 0x00, 0x3E, 0x00, 0x3E, 0x00, 0x3E, 0x00, 0x3E, 0x00, 0x00, 0x1C, 0x00,
    0x00, 0x38, 0x00, 0x00, 0x70, 0x00, 0x00, 0xE0, 0x00, 0x00, 0x00, 0x00, 0x00, 0x00, 0x00, 0x03,
    0xFE, 0x00, 0x0F, 0xFF, 0x80, 0x1F, 0xFF, 0x80, 0x3F, 0xFF, 0x80, 0x3F, 0x03, 0x80, 0x3E, 0x00,
    0x80, 0x3E, 0x00, 0x00, 0x3F, 0x00, 0x00, 0x1F, 0xF0, 0x00, 0x1F, 0xFE, 0x00, 0x07, 0xFF, 0x80,
    0x00, 0xFF, 0x80, 0x00, 0x0F, 0xC0, 0x00, 0x07, 0xC0, 0x20, 0x07, 0xC0, 0x3C, 0x0F, 0xC0, 0x3F,
    0xFF, 0xC0, 0x3F, 0xFF, 0x80, 0x3F, 0xFF, 0x00, 0x07, 0xFC, 0x00, 0x00, 0x1C, 0x00, 0x00, 0x38,
    0x00, 0x00, 0x70, 0x00, 0x00, 0xE0, 0x00, 0x01, 0xC0, 0x00, 0x00, 0x00, 0x00, 0x00, 0x00, 0x00,
    0x0F, 0xF0, 0x00, 0x3F, 0xFC, 0x00, 0x7F, 0xFC, 0x00, 0x7E, 0x0C, 0x00, 0x7C, 0x00, 0x00, 0x7C,
    0x00, 0x00, 0x7F, 0xC0, 0x00, 0x3F, 0xF8, 0x00, 0x0F, 0xFC, 0x00, 0x00, 0x7E, 0x00, 0x00, 0x3E,
    0x00, 0x60, 0x3E, 0x00, 0x7F, 0xFC, 0x00, 0x7F, 0xFC, 0x00, 0x1F, 0xF0, 0x00, 0x00, 0xF0, 0x00,
    0x01, 0xF8, 0x00, 0x03, 0x9C, 0x00, 0x07, 0x0E, 0x00, 0x00, 0x00, 0x00, 0x00, 0x00, 0x00, 0x03,
    0xFE, 0x00, 0x0F, 0xFF, 0x80, 0x1F, 0xFF, 0x80, 0x3F, 0xFF, 0x80, 0x3F, 0x03, 0x80, 0x3E, 0x00,
    0x80, 0x3E, 0x00, 0x00, 0x3F, 0x00, 0x00, 0x1F, 0xF0, 0x00, 0x1F, 0xFE, 0x00, 0x07, 0xFF, 0x80,
    0x00, 0xFF, 0x80, 0x00, 0x0F, 0xC0, 0x00, 0x07, 0xC0, 0x20, 0x07, 0xC0, 0x3C, 0x0F, 0xC0, 0x3F,
    0xFF, 0xC0, 0x3F, 0xFF, 0x80, 0x3F, 0xFF, 0x00, 0x07, 0xFC, 0x00, 0x03, 0xC0, 0x00, 0x07, 0xE0,
    0x00, 0x07, 0xE0, 0x00, 0x0E, 0x70, 0x00, 0x1C, 0x38, 0x00, 0x00, 0x00, 0x00, 0x00, 0x00, 0x00,
    0x0F, 0xF0, 0x00, 0x3F, 0xFC, 0x00, 0x7F, 0xFC, 0x00, 0x7E, 0x0C, 0x00, 0x7C, 0x00, 0x00, 0x7C,
    0x00, 0x00, 0x7F, 0xC0, 0x00, 0x3F, 0xF8, 0x00, 0x0F, 0xFC, 0x00, 0x00, 0x7E, 0x00, 0x00, 0x3E,
    0x00, 0x60, 0x3E, 0x00, 0x7F, 0xFC, 0x00, 0x7F, 0xFC, 0x00, 0x1F, 0xF0, 0x00, 0x03, 0xFE, 0x00,
    0x0F, 0xFF, 0x80, 0x1F, 0xFF, 0x80, 0x3F, 0xFF, 0x80, 0x3F, 0x03, 0x80, 0x3E, 0x00, 0x80, 0x3E,
    0x00, 0x00, 0x3F, 0x00, 0x00, 0x1F, 0xF0, 0x00, 0x1F, 0xFE, 0x00, 0x07, 0xFF, 0x80, 0x00, 0xFF,
    0x80, 0x00, 0x0F, 0xC0, 0x00, 0x07, 0xC0, 0x20, 0x07, 0xC0, 0x3C, 0x0F, 0xC0, 0x3F, 0xFF, 0xC0,
    0x3F, 0xFF, 0x80, 0x3F, 0xFF, 0x00, 0x07, 0xFC, 0x00, 0x00, 0x30, 0x00, 0x00, 0x18, 0x00, 0x00,
    0x18, 0x00, 0x01, 0xF8, 0x00, 0x01, 0xF0, 0x00, 0x0F, 0xF0, 0x00, 0x3F, 0xFC, 0x00, 0x7F, 0xFC,
    0x00, 0x7E, 0x0C, 0x00, 0x7C, 0x00, 0x00, 0x7C, 0x00, 0x00, 0x7F, 0xC0, 0x00, 0x3F, 0xF8, 0x00,
    0x0F, 0xFC, 0x00, 0x00, 0x7E, 0x00, 0x00, 0x3E, 0x00, 0x60, 0x3E, 0x00, 0x7F, 0xFC, 0x00, 0x7F,
    0xFC, 0x00, 0x1F, 0xF0, 0x00, 0x00, 0xC0, 0x00, 0x00, 0x60, 0x00, 0x00, 0x60, 0x00, 0x07, 0xE0,
    0x00, 0x07, 0xC0, 0x00, 0x07, 0x0E, 0x00, 0x03, 0x9C, 0x00, 0x01, 0xF8, 0x00, 0x00, 0xF0, 0x00,
    0x00, 0x00, 0x00, 0x00, 0x00, 0x00, 0x03, 0xFE, 0x00, 0x0F, 0xFF, 0x80, 0x1F, 0xFF, 0x80, 0x3F,
    0xFF, 0x80, 0x3F, 0x03, 0x80, 0x3E, 0x00, 0x80, 0x3E, 0x00, 0x00, 0x3F, 0x00, 0x00, 0x1F, 0xF0,
    0x00, 0x1F, 0xFE, 0x00, 0x07, 0xFF, 0x80, 0x00, 0xFF, 0x80, 0x00, 0x0F, 0xC0, 0x00, 0x07, 0xC0,
    0x20, 0x07, 0xC0, 0x3C, 0x0F, 0xC0, 0x3F, 0xFF, 0xC0, 0x3F, 0xFF, 0x80, 0x3F, 0xFF, 0x00, 0x07,
    0xFC, 0x00, 0x1C, 0x38, 0x00, 0x0E, 0x70, 0x00, 0x07, 0xE0, 0x00, 0x07, 0xE0, 0x00, 0x03, 0xC0,
    0x00, 0x00, 0x00, 0x00, 0x00, 0x00, 0x00, 0x0F, 0xF0, 0x00, 0x3F, 0xFC, 0x00, 0x7F, 0xFC, 0x00,
    0x7E, 0x0C, 0x00, 0x7C, 0x00, 0x00, 0x7C, 0x00, 0x00, 0x7F, 0xC0, 0x00, 0x3F, 0xF8, 0x00, 0x0F,
    0xFC, 0x00, 0x00, 0x7E, 0x00, 0x00, 0x3E, 0x00, 0x60, 0x3E, 0x00, 0x7F, 0xFC, 0x00, 0x7F, 0xFC,
    0x00, 0x1F, 0xF0, 0x00, 0xFF, 0xFF, 0xE0, 0xFF, 0xFF, 0xE0, 0xFF, 0xFF, 0xE0, 0xFF, 0xFF, 0xE0,
    0x01, 0xF0, 0x00, 0x01, 0xF0, 0x00, 0x01, 0xF0, 0x00, 0x01, 0xF0, 0x00, 0x01, 0xF0, 0x00, 0x01,
    0xF0, 0x00, 0x01, 0xF0, 0x00, 0x01, 0xF0, 0x00, 0x01, 0xF0, 0x00, 0x01, 0xF0, 0x00, 0x01, 0xF0,
    0x00, 0x01, 0xF0, 0x00, 0x01, 0xF0, 0x00, 0x01, 0xF0, 0x00, 0x01, 0xF0, 0x00, 0x01, 0xF0, 0x00,
    0x00, 0x30, 0x00, 0x00, 0x18, 0x00, 0x00, 0x18, 0x00, 0x01, 0xF8, 0x00, 0x01, 0xF0, 0x00, 0x3E,
    0x00, 0x3E, 0x00, 0x3E, 0x00, 0x3E, 0x00, 0x3E, 0x00, 0xFF, 0xF0, 0xFF, 0xF0, 0xFF, 0xF0, 0x3E,
    0x00, 0x3E, 0x00, 0x3E, 0x00, 0x3E, 0x00, 0x3E, 0x00, 0x3E, 0x00, 0x3E, 0x00, 0x3E, 0x00, 0x3E,
    0x00, 0x3F, 0xF0, 0x1F, 0xF0, 0x0F, 0xF0, 0x01, 0x80, 0x00, 0xC0, 0x00, 0xC0, 0x0F, 0xC0, 0x0F,
    0x80, 0x07, 0x1C, 0x00, 0x03, 0xB8, 0x00, 0x01, 0xF0, 0x00, 0x01, 0xF0, 0x00, 0x00, 0x00, 0x00,
    0x00, 0x00, 0x00, 0xFF, 0xFF, 0xE0, 0xFF, 0xFF, 0xE0, 0xFF, 0xFF, 0xE0, 0xFF, 0xFF, 0xE0, 0x01,
    0xF0, 0x00, 0x01, 0xF0, 0x00, 0x01, 0xF0, 0x00, 0x01, 0xF0, 0x00, 0x01, 0xF0, 0x00, 0x01, 0xF0,
    0x00, 0x01, 0xF0, 0x00, 0x01, 0xF0, 0x00, 0x01, 0xF0, 0x00, 0x01, 0xF0, 0x00, 0x01, 0xF0, 0x00,
    0x01, 0xF0, 0x00, 0x01, 0xF0, 0x00, 0x01, 0xF0, 0x00, 0x01, 0xF0, 0x00, 0x01, 0xF0, 0x00, 0x00,
    0x3C, 0x00, 0x38, 0x3E, 0x38, 0x3E, 0x70, 0x3E, 0x70, 0x3E, 0x00, 0x3E, 0x00, 0xFF, 0xF0, 0xFF,
    0xF0, 0xFF, 0xF0, 0x3E, 0x00, 0x3E, 0x00, 0x3E, 0x00, 0x3E, 0x00, 0x3E, 0x00, 0x3E, 0x00, 0x3E,
    0x00, 0x3E, 0x00, 0x3E, 0x00, 0x3F, 0xF0, 0x1F, 0xF0, 0x0F, 0xF0, 0xFF, 0xFF, 0xE0, 0xFF, 0xFF,
    0xE0, 0xFF, 0xFF, 0xE0, 0xFF, 0xFF, 0xE0, 0x01, 0xF0, 0x00, 0x01, 0xF0, 0x00, 0x01, 0xF0, 0x00,
    0x01, 0xF0, 0x00, 0x01, 0xF0, 0x00, 0x01, 0xF0, 0x00, 0x0F, 0xFE, 0x00, 0x0F, 0xFE, 0x00, 0x0F,
    0xFE, 0x00, 0x0F, 0xFE, 0x00, 0x01, 0xF0, 0x00, 0x01, 0xF0, 0x00, 0x01, 0xF0, 0x00, 0x01, 0xF0,
    0x00, 0x01, 0xF0, 0x00, 0x01, 0xF0, 0x00, 0x3E, 0x00, 0x3E, 0x00, 0x3E, 0x00, 0x3E, 0x00, 0xFF,
    0xF0, 0xFF, 0xF0, 0xFF, 0xF0, 0x3E, 0x00, 0x3E, 0x00, 0xFF, 0xF0, 0xFF, 0xF0, 0xFF, 0xF0, 0xFF,
    0xF0, 0x3E, 0x00, 0x3E, 0x00, 0x3E, 0x00, 0x3F, 0xF0, 0x1F, 0xF0, 0x0F, 0xF0, 0x00, 0xE1, 0x80,
    0x01, 0xFB, 0x80, 0x01, 0xDF, 0x80, 0x01, 0x8F, 0x00, 0x00, 0x00, 0x00, 0x00, 0x00, 0x00, 0x1F,
    0x00, 0xF8, 0x1F, 0x00, 0xF8, 0x1F, 0x00, 0xF8, 0x1F, 0x00, 0xF8, 0x1F, 0x00, 0xF8, 0x1F, 0x00,
    0xF8, 0x1F, 0x00, 0xF8, 0x1F, 0x00, 0xF8, 0x1F, 0x00, 0xF8, 0x1F, 0x00, 0xF8, 0x1F, 0x00, 0xF8,
    0x1F, 0x00, 0xF8, 0x1F, 0x00, 0xF8, 0x1F, 0x00, 0xF8, 0x1F, 0x81, 0xF8, 0x0F, 0xC3, 0xF0, 0x0F,
    0xFF, 0xF0, 0x07, 0xFF, 0xE0, 0x03, 0xFF, 0xC0, 0x00, 0xFF, 0x00, 0x03, 0x86, 0x00, 0x03, 0xC6,
    0x00, 0x06, 0x66, 0x00, 0x06, 0x3C, 0x00, 0x06, 0x1C, 0x00, 0x00, 0x00, 0x00, 0x00, 0x00, 0x00,
    0x3E, 0x0F, 0x80, 0x3E, 0x0F, 0x80, 0x3E, 0x0F, 0x80, 0x3E, 0x0F, 0x80, 0x3E, 0x0F, 0x80, 0x3E,
    0x0F, 0x80, 0x3E, 0x0F, 0x80, 0x3E, 0x0F, 0x80, 0x3E, 0x0F, 0x80, 0x3E, 0x0F, 0x80, 0x3E, 0x1F,
    0x80, 0x3F, 0x1F, 0x80, 0x1F, 0xFF, 0x80, 0x1F, 0xEF, 0x80, 0x07, 0x8F, 0x80, 0x00, 0xFF, 0x00,
    0x00, 0xFF, 0x00, 0x00, 0xFF, 0x00, 0x00, 0x00, 0x00, 0x00, 0x00, 0x00, 0x1F, 0x00, 0xF8, 0x1F,
    0x00, 0xF8, 0x1F, 0x00, 0xF8, 0x1F, 0x00, 0xF8, 0x1F, 0x00, 0xF8, 0x1F, 0x00, 0xF8, 0x1F, 0x00,
    0xF8, 0x1F, 0x00, 0xF8, 0x1F, 0x00, 0xF8, 0x1F, 0x00, 0xF8, 0x1F, 0x00, 0xF8, 0x1F, 0x00, 0xF8,
    0x1F, 0x00, 0xF8, 0x1F, 0x00, 0xF8, 0x1F, 0x81, 0xF8, 0x0F, 0xC3, 0xF0, 0x0F, 0xFF, 0xF0, 0x07,
    0xFF, 0xE0, 0x03, 0xFF, 0xC0, 0x00, 0xFF, 0x00, 0x07, 0xFC, 0x00, 0x07, 0xFC, 0x00, 0x07, 0xFC,
    0x00, 0x00, 0x00, 0x00, 0x00, 0x00, 0x00, 0x00, 0x00, 0x00, 0x3E, 0x0F, 0x80, 0x3E, 0x0F, 0x80,
    0x3E, 0x0F, 0x80, 0x3E, 0x0F, 0x80, 0x3E, 0x0F, 0x80, 0x3E, 0x0F, 0x80, 0x3E, 0x0F, 0x80, 0x3E,
    0x0F, 0x80, 0x3E, 0x0F, 0x80, 0x3E, 0x0F, 0x80, 0x3E, 0x1F, 0x80, 0x3F, 0x1F, 0x80, 0x1F, 0xFF,
    0x80, 0x1F, 0xEF, 0x80, 0x07, 0x8F, 0x80, 0x00, 0xC3, 0x00, 0x00, 0xE7, 0x00, 0x00, 0x7E, 0x00,
    0x00, 0x3C, 0x00, 0x00, 0x00, 0x00, 0x00, 0x00, 0x00, 0x1F, 0x00, 0xF8, 0x1F, 0x00, 0xF8, 0x1F,
    0x00, 0xF8, 0x1F, 0x00, 0xF8, 0x1F, 0x00, 0xF8, 0x1F, 0x00, 0xF8, 0x1F, 0x00, 0xF8, 0x1F, 0x00,
    0xF8, 0x1F, 0x00, 0xF8, 0x1F, 0x00, 0xF8, 0x1F, 0x00, 0xF8, 0x1F, 0x00, 0xF8, 0x1F, 0x00, 0xF8,
    0x1F, 0x00, 0xF8, 0x1F, 0x81, 0xF8, 0x0F, 0xC3, 0xF0, 0x0F, 0xFF, 0xF0, 0x07, 0xFF, 0xE0, 0x03,
    0xFF, 0xC0, 0x00, 0xFF, 0x00, 0x06, 0x0C, 0x00, 0x07, 0x1C, 0x00, 0x03, 0xF8, 0x00, 0x01, 0xF0,
    0x00, 0x00, 0x00, 0x00, 0x00, 0x00, 0x00, 0x00, 0x00, 0x00, 0x3E, 0x0F, 0x80, 0x3E, 0x0F, 0x80,
    0x3E, 0x0F, 0x80, 0x3E, 0x0F, 0x80, 0x3E, 0x0F, 0x80, 0x3E, 0x0F, 0x80, 0x3E, 0x0F, 0x80, 0x3E,
    0x0F, 0x80, 0x3E, 0x0F, 0x80, 0x3E, 0x0F, 0x80, 0x3E, 0x1F, 0x80, 0x3F, 0x1F, 0x80, 0x1F, 0xFF,
    0x80, 0x1F, 0xEF, 0x80, 0x07, 0x8F, 0x80, 0x00, 0x78, 0x00, 0x00, 0xFC, 0x00, 0x01, 0xCE, 0x00,
    0x01, 0x86, 0x00, 0x01, 0x86, 0x00, 0x01, 0xCE, 0x00, 0x1F, 0xFC, 0xF8, 0x1F, 0x78, 0xF8, 0x1F,
    0x00, 0xF8, 0x1F, 0x00, 0xF8, 0x1F, 0x00, 0xF8, 0x1F, 0x00, 0xF8, 0x1F, 0x00, 0xF8, 0x1F, 0x00,
    0xF8, 0x1F, 0x00, 0xF8, 0x1F, 0x00, 0xF8, 0x1F, 0x00, 0xF8, 0x1F, 0x00, 0xF8, 0x1F, 0x00, 0xF8,
    0x1F, 0x00, 0xF8, 0x1F, 0x81, 0xF8, 0x0F, 0xC3, 0xF0, 0x0F, 0xFF, 0xF0, 0x07, 0xFF, 0xE0, 0x03,
    0xFF, 0xC0, 0x00, 0xFF, 0x00, 0x00, 0xF0, 0x00, 0x01, 0xF8, 0x00, 0x03, 0x9C, 0x00, 0x03, 0x0C,
    0x00, 0x03, 0x0C, 0x00, 0x03, 0x9C, 0x00, 0x01, 0xF8, 0x00, 0x00, 0xF0, 0x00, 0x00, 0x00, 0x00,
    0x00, 0x00, 0x00, 0x3E, 0x0F, 0x80, 0x3E, 0x0F, 0x80, 0x3E, 0x0F, 0x80, 0x3E, 0x0F, 0x80, 0x3E,
    0x0F, 0x80, 0x3E, 0x0F, 0x80, 0x3E, 0x0F, 0x80, 0x3E, 0x0F, 0x80, 0x3E, 0x0F, 0x80, 0x3E, 0x0F,
    0x80, 0x3E, 0x1F, 0x80, 0x3F, 0x1F, 0x80, 0x1F, 0xFF, 0x80, 0x1F, 0xEF, 0x80, 0x07, 0x8F, 0x80,
    0x00, 0x73, 0x80, 0x00, 0xE7, 0x00, 0x01, 0xCE, 0x00, 0x03, 0x9C, 0x00, 0x00, 0x00, 0x00, 0x00,
    0x00, 0x00, 0x1F, 0x00, 0xF8, 0x1F, 0x00, 0xF8, 0x1F, 0x00, 0xF8, 0x1F, 0x00, 0xF8, 0x1F, 0x00,
    0xF8, 0x1F, 0x00, 0xF8, 0x1F, 0x00, 0xF8, 0x1F, 0x00, 0xF8, 0x1F, 0x00, 0xF8, 0x1F, 0x00, 0xF8,
    0x1F, 0x00, 0xF8, 0x1F, 0x00, 0xF8, 0x1F, 0x00, 0xF8, 0x1F, 0x00, 0xF8, 0x1F, 0x81, 0xF8, 0x0F,
    0xC3, 0xF0, 0x0F, 0xFF, 0xF0, 0x07, 0xFF, 0xE0, 0x03, 0xFF, 0xC0, 0x00, 0xFF, 0x00, 0x00, 0x73,
    0x80, 0x00, 0xE7, 0x00, 0x01, 0xCE, 0x00, 0x01, 0x8C, 0x00, 0x03, 0x9C, 0x00, 0x00, 0x00, 0x00,
    0x00, 0x00, 0x00, 0x3E, 0x0F, 0x80, 0x3E, 0x0F, 0x80, 0x3E, 0x0F, 0x80, 0x3E, 0x0F, 0x80, 0x3E,
    0x0F, 0x80, 0x3E, 0x0F, 0x80, 0x3E, 0x0F, 0x80, 0x3E, 0x0F, 0x80, 0x3E, 0x0F, 0x80, 0x3E, 0x0F,
    0x80, 0x3E, 0x1F, 0x80, 0x3F, 0x1F, 0x80, 0x1F, 0xFF, 0x80, 0x1F, 0xEF, 0x80, 0x07, 0x8F, 0x80,
    0x1F, 0x00, 0xF8, 0x1F, 0x00, 0xF8, 0x1F, 0x00, 0xF8, 0x1F, 0x00, 0xF8, 0x1F, 0x00, 0xF8, 0x1F,
    0x00, 0xF8, 0x1F, 0x00, 0xF8, 0x1F, 0x00, 0xF8, 0x1F, 0x00, 0xF8, 0x1F, 0x00, 0xF8, 0x1F, 0x00,
    0xF8, 0x1F, 0x00, 0xF8, 0x1F, 0x00, 0xF8, 0x1F, 0x00, 0xF8, 0x1F, 0x81, 0xF8, 0x0F, 0xC3, 0xF0,
    0x0F, 0xFF, 0xF0, 0x07, 0xFF, 0xE0, 0x03, 0xFF, 0xC0, 0x00, 0xFF, 0x00, 0x00, 0x30, 0x00, 0x00,
    0x60, 0x00, 0x00, 0x60, 0x00, 0x00, 0x7E, 0x00, 0x00, 0x3E, 0x00, 0x3E, 0x0F, 0x80, 0x3E, 0x0F,
    0x80, 0x3E, 0x0F, 0x80, 0x3E, 0x0F, 0x80, 0x3E, 0x0F, 0x80, 0x3E, 0x0F, 0x80, 0x3E, 0x0F, 0x80,
    0x3E, 0x0F, 0x80, 0x3E, 0x0F, 0x80, 0x3E, 0x0F, 0x80, 0x3E, 0x1F, 0x80, 0x3F, 0x1F, 0x80, 0x1F,
    0xFF, 0x80, 0x1F, 0xEF, 0x80, 0x07, 0x8F, 0x80, 0x00, 0x00, 0xC0, 0x00, 0x01, 0x80, 0x00, 0x01,
    0x80, 0x00, 0x01, 0xF8, 0x00, 0x00, 0xF8, 0x00, 0x07, 0xC0, 0x00, 0x00, 0x0F, 0xE0, 0x00, 0x00,
    0x0E, 0x60, 0x00, 0x00, 0x18, 0x30, 0x00, 0x00, 0x00, 0x00, 0x00, 0x00, 0x00, 0x00, 0x00, 0x7C,
    0x07, 0xC0, 0x7C, 0x7E, 0x07, 0xC0, 0xFC, 0x3E, 0x0F, 0xE0, 0xF8, 0x3E, 0x0E, 0xE0, 0xF8, 0x3E,
    0x0E, 0xE0, 0xF8, 0x3E, 0x0E, 0xE0, 0xF8, 0x1F, 0x1E, 0x71, 0xF0, 0x1F, 0x1C, 0x71, 0xF0, 0x1F,
    0x1C, 0x71, 0xF0, 0x1F, 0x1C, 0x71, 0xF0, 0x0F, 0xBC, 0x7B, 0xF0, 0x0F, 0xB8, 0x3B, 0xE0, 0x0F,
    0xB8, 0x3B, 0xE0, 0x0F, 0xB8, 0x3B, 0xE0, 0x0F, 0xF8, 0x3F, 0xE0, 0x07, 0xF0, 0x1F, 0xC0, 0x07,
    0xF0, 0x1F, 0xC0, 0x07, 0xF0, 0x1F, 0xC0, 0x07, 0xF0, 0x1F, 0xC0, 0x03, 0xE0, 0x0F, 0x80, 0x00,
    0x1E, 0x00, 0x00, 0x00, 0x3F, 0x00, 0x00, 0x00, 0x3F, 0x00, 0x00, 0x00, 0x73, 0x80, 0x00, 0x00,
    0xE1, 0xC0, 0x00, 0x00, 0x00, 0x00, 0x00, 0x00, 0x00, 0x00, 0x00, 0x7C, 0x1E, 0x0F, 0x80, 0x7E,
    0x1E, 0x1F, 0x80, 0x3E, 0x3F, 0x1F, 0x00, 0x3E, 0x3F, 0x1F, 0x00, 0x3E, 0x3F, 0x1F, 0x00, 0x3F,
    0x3F, 0x3F, 0x00, 0x1F, 0x73, 0xBE, 0x00, 0x1F, 0x73, 0xBE, 0x00, 0x1F, 0x73, 0xBE, 0x00, 0x0F,
    0xF3, 0xFC, 0x00, 0x0F, 0xE1, 0xFC, 0x00, 0x0F, 0xE1, 0xFC, 0x00, 0x0F, 0xE1, 0xFC, 0x00, 0x07,
    0xE1, 0xF8, 0x00, 0x07, 0xC0, 0xF8, 0x00, 0x00, 0xF8, 0x00, 0x01, 0xFC, 0x00, 0x01, 0x9C, 0x00,
    0x03, 0x06, 0x00, 0x00, 0x00, 0x00, 0x00, 0x00, 0x00, 0xFC, 0x01, 0xF8, 0x7E, 0x03, 0xF0, 0x3F,
    0x07, 0xE0, 0x3F, 0x0F, 0xE0, 0x1F, 0x8F, 0xC0, 0x0F, 0xDF, 0x80, 0x0F, 0xFF, 0x80, 0x07, 0xFF,
    0x00, 0x03, 0xFE, 0x00, 0x01, 0xFC, 0x00, 0x01, 0xFC, 0x00, 0x00, 0xF8, 0x00, 0x00, 0xF8, 0x00,
    0x00, 0xF8, 0x00, 0x00, 0xF8, 0x00, 0x00, 0xF8, 0x00, 0x00, 0xF8, 0x00, 0x00, 0xF8, 0x00, 0x00,
    0xF8, 0x00, 0x00, 0xF8, 0x00, 0x01, 0xE0, 0x00, 0x03, 0xF0, 0x00, 0x03, 0xF0, 0x00, 0x07, 0x38,
    0x00, 0x0E, 0x1C, 0x00, 0x00, 0x00, 0x00, 0x00, 0x00, 0x00, 0xFC, 0x1F, 0x80, 0x7C, 0x1F, 0x00,
    0x7C, 0x1F, 0x00, 0x7E, 0x3F, 0x00, 0x3E, 0x3E, 0x00, 0x3F, 0x3E, 0x00, 0x1F, 0x7E, 0x00, 0x1F,
    0xFC, 0x00, 0x0F, 0xFC, 0x00, 0x0F, 0xF8, 0x00, 0x0F, 0xF8, 0x00, 0x07, 0xF8, 0x00, 0x07, 0xF0,
    0x00, 0x03, 0xF0, 0x00, 0x03, 0xF0, 0x00, 0x03, 0xE0, 0x00, 0x07, 0xE0, 0x00, 0x07, 0xC0, 0x00,
    0x3F, 0xC0, 0x00, 0x3F, 0x80, 0x00, 0x3F, 0x00, 0x00, 0x03, 0x8E, 0x00, 0x03, 0x8E, 0x00, 0x03,
    0x8E, 0x00, 0x00, 0x00, 0x00, 0x00, 0x00, 0x00, 0x00, 0x00, 0x00, 0xFC, 0x01, 0xF8, 0x7E, 0x03,
    0xF0, 0x3F, 0x07, 0xE0, 0x3F, 0x0F, 0xE0, 0x1F, 0x8F, 0xC0, 0x0F, 0xDF, 0x80, 0x0F, 0xFF, 0x80,
    0x07, 0xFF, 0x00, 0x03, 0xFE, 0x00, 0x01, 0xFC, 0x00, 0x01, 0xFC, 0x00, 0x00, 0xF8, 0x00, 0x00,
    0xF8, 0x00, 0x00, 0xF8, 0x00, 0x00, 0xF8, 0x00, 0x00, 0xF8, 0x00, 0x00, 0xF8, 0x00, 0x00, 0xF8,
    0x00, 0x00, 0xF8, 0x00, 0x00, 0xF8, 0x00, 0x00, 0x1C, 0x00, 0x00, 0x38, 0x00, 0x00, 0x70, 0x00,
    0x00, 0xE0, 0x00, 0x00, 0x00, 0x00, 0x00, 0x00, 0x00, 0x7F, 0xFF, 0xE0, 0x7F, 0xFF, 0xE0, 0x7F,
    0xFF, 0xE0, 0x7F, 0xFF, 0xE0, 0x00, 0x1F, 0xC0, 0x00, 0x3F, 0x80, 0x00, 0x7F, 0x00, 0x00, 0x7E,
    0x00, 0x00, 0xFC, 0x00, 0x01, 0xFC, 0x00, 0x03, 0xF8, 0x00, 0x07, 0xF0, 0x00, 0x07, 0xE0, 0x00,
    0x0F, 0xC0, 0x00, 0x1F, 0x80, 0x00, 0x3F, 0x80, 0x00, 0x7F, 0xFF, 0xE0, 0x7F, 0xFF, 0xE0, 0x7F,
    0xFF, 0xE0, 0x7F, 0xFF, 0xE0, 0x00, 0x1C, 0x00, 0x38, 0x00, 0x70, 0x00, 0xE0, 0x01, 0xC0, 0x00,
    0x00, 0x00, 0x00, 0x7F, 0xFE, 0x7F, 0xFE, 0x7F, 0xFE, 0x00, 0xFE, 0x01, 0xFC, 0x03, 0xF8, 0x03,
    0xF0, 0x07, 0xE0, 0x0F, 0xE0, 0x1F, 0xC0, 0x3F, 0x80, 0x7F, 0x00, 0x7F, 0xFE, 0x7F, 0xFE, 0x7F,
    0xFE, 0x00, 0xF0, 0x00, 0x00, 0xF0, 0x00, 0x00, 0xF0, 0x00, 0x00, 0x00, 0x00, 0x00, 0x00, 0x00,
    0x00, 0x00, 0x00, 0x7F, 0xFF, 0xE0, 0x7F, 0xFF, 0xE0, 0x7F, 0xFF, 0xE0, 0x7F, 0xFF, 0xE0, 0x00,
    0x1F, 0xC0, 0x00, 0x3F, 0x80, 0x00, 0x7F, 0x00, 0x00, 0x7E, 0x00, 0x00, 0xFC, 0x00, 0x01, 0xFC,
    0x00, 0x03, 0xF8, 0x00, 0x07, 0xF0, 0x00, 0x07, 0xE0, 0x00, 0x0F, 0xC0, 0x00, 0x1F, 0x80, 0x00,
    0x3F, 0x80, 0x00, 0x7F, 0xFF, 0xE0, 0x7F, 0xFF, 0xE0, 0x7F, 0xFF, 0xE0, 0x7F, 0xFF, 0xE0, 0x07,
    0xC0, 0x07, 0xC0, 0x07, 0xC0, 0x07, 0xC0, 0x07, 0xC0, 0x00, 0x00, 0x00, 0x00, 0x7F, 0xFE, 0x7F,
    0xFE, 0x7F, 0xFE, 0x00, 0xFE, 0x01, 0xFC, 0x03, 0xF8, 0x03, 0xF0, 0x07, 0xE0, 0x0F, 0xE0, 0x1F,
    0xC0, 0x3F, 0x80, 0x7F, 0x00, 0x7F, 0xFE, 0x7F, 0xFE, 0x7F, 0xFE, 0x07, 0x0E, 0x00, 0x03, 0x9C,
    0x00, 0x01, 0xF8, 0x00, 0x00, 0xF0, 0x00, 0x00, 0x00, 0x00, 0x00, 0x00, 0x00, 0x7F, 0xFF, 0xE0,
    0x7F, 0xFF, 0xE0, 0x7F, 0xFF, 0xE0, 0x7F, 0xFF, 0xE0, 0x00, 0x1F, 0xC0, 0x00, 0x3F, 0x80, 0x00,
    0x7F, 0x00, 0x00, 0x7E, 0x00, 0x00, 0xFC, 0x00, 0x01, 0xFC, 0x00, 0x03, 0xF8, 0x00, 0x07, 0xF0,
    0x00, 0x07, 0xE0, 0x00, 0x0F, 0xC0, 0x00, 0x1F, 0x80, 0x00, 0x3F, 0x80, 0x00, 0x7F, 0xFF, 0xE0,
    0x7F, 0xFF, 0xE0, 0x7F, 0xFF, 0xE0, 0x7F, 0xFF, 0xE0, 0x1C, 0x38, 0x0E, 0x70, 0x07, 0xE0, 0x07,
    0xE0, 0x03, 0xC0, 0x00, 0x00, 0x00, 0x00, 0x7F, 0xFE, 0x7F, 0xFE, 0x7F, 0xFE, 0x00, 0xFE, 0x01,
    0xFC, 0x03, 0xF8, 0x03, 0xF0, 0x07, 0xE0, 0x0F, 0xE0, 0x1F, 0xC0, 0x3F, 0x80, 0x7F, 0x00, 0x7F,
    0xFE, 0x7F, 0xFE, 0x7F, 0xFE, 0x03, 0xF8, 0x0F, 0xF8, 0x1F, 0xF8, 0x1F, 0x00, 0x1F, 0x00, 0x1F,
    0x00, 0x7F, 0x00, 0x7F, 0x00, 0x7F, 0x00, 0x1F, 0x00, 0x1F, 0x00, 0x1F, 0x00, 0x1F, 0x00, 0x1F,
    0x00, 0x1F, 0x00, 0x1F, 0x00, 0x1F, 0x00, 0x1F, 0x00, 0x1F, 0x00, 0x1F, 0x00, 0x1F, 0x00, 0x3F,
    0xF8, 0x3F, 0xF8, 0x3F, 0xF8, 0x3F, 0xF8, 0x00, 0x00, 0x00, 0x00, 0x00, 0x00, 0x00, 0x00, 0x00,
    0x00, 0x00, 0x00, 0x3F, 0xFF, 0xFF, 0xE0, 0x3F, 0xFF, 0xFF, 0xE0, 0x3F, 0xFF, 0xFF, 0xE0, 0x3F,
    0xFF, 0xFF, 0xE0, 0x00, 0x00, 0x00, 0x00, 0x00, 0x00, 0x00, 0x00, 0x00, 0x00, 0x00, 0x00, 0x00,
    0x00, 0x00, 0x00, 0x00, 0x00, 0x00, 0x00, 0x00, 0x00, 0x00, 0x00, 0x3E, 0x1F, 0x0F, 0x80, 0x3E,
    0x1F, 0x0F, 0x80, 0x3E, 0x1F, 0x0F, 0x80, 0x3E, 0x1F, 0x0F, 0x80, 0x3E, 0x1F, 0x0F, 0x80, 0x00,
    0x7F, 0x80, 0x01, 0xFF, 0xE0, 0x03, 0xFF, 0xE0, 0x07, 0xFF, 0xE0, 0x0F, 0xE0, 0xE0, 0x0F, 0x80,
    0x20, 0x7F, 0xFF, 0x00, 0x7F, 0xFE, 0x00, 0xFF, 0xFE, 0x00, 0x1F, 0x00, 0x00, 0x1F, 0x00, 0x00,
    0x7F, 0xFC, 0x00, 0x7F, 0xF8, 0x00, 0xFF, 0xF8, 0x00, 0x0F, 0x80, 0x20, 0x0F, 0xE0, 0xE0, 0x07,
    0xFF, 0xE0, 0x03, 0xFF, 0xE0, 0x01, 0xFF, 0xE0, 0x00, 0x7F, 0x00, 0x02, 0x00, 0x00, 0x07, 0x00,
    0x00, 0x0F, 0x80, 0x00, 0x1F, 0x00, 0x00, 0x3E, 0x00, 0x00, 0x7F, 0xFF, 0xFC, 0x7F, 0xFF, 0xFC,
    0x7F, 0xFF, 0xFC, 0x3E, 0x00, 0x00, 0x1F, 0x00, 0x00, 0x0F, 0x80, 0x00, 0x07, 0x00, 0x00, 0x02,
    0x00, 0x00, 0x00, 0x00, 0x00, 0x00, 0x00, 0x00, 0x00, 0x38, 0x00, 0x00, 0x7C, 0x00, 0x00, 0xFE,
    0x00, 0x01, 0xFF, 0x00, 0x03, 0xFF, 0x80, 0x07, 0xFF, 0xC0, 0x03, 0xBB, 0x80, 0x01, 0x39, 0x00,
    0x00, 0x38, 0x00, 0x00, 0x38, 0x00, 0x00, 0x38, 0x00, 0x00, 0x38, 0x00, 0x00, 0x38, 0x00, 0x00,
    0x38, 0x00, 0x00, 0x38, 0x00, 0x00, 0x38, 0x00, 0x00, 0x38, 0x00, 0x00, 0x38, 0x00, 0x00, 0x38,
    0x00, 0x00, 0x38, 0x00, 0x00, 0x38, 0x00, 0x00, 0x00, 0x40, 0x00, 0x00, 0xE0, 0x00, 0x00, 0xF0,
    0x00, 0x00, 0x78, 0x00, 0x00, 0x3C, 0x3F, 0xFF, 0xFE, 0x3F, 0xFF, 0xFE, 0x3F, 0xFF, 0xFE, 0x00,
    0x00, 0x3C, 0x00, 0x00, 0x78, 0x00, 0x00, 0xF0, 0x00, 0x00, 0xE0, 0x00, 0x00, 0x40, 0x00, 0x00,
    0x00, 0x00, 0x00, 0x00, 0x00, 0x38, 0x00, 0x00, 0x38, 0x00, 0x00, 0x38, 0x00, 0x00, 0x38, 0x00,
    0x00, 0x38, 0x00, 0x00, 0x38, 0x00, 0x00, 0x38, 0x00, 0x00, 0x38, 0x00, 0x00, 0x38, 0x00, 0x00,
    0x38, 0x00, 0x00, 0x38, 0x00, 0x00, 0x38, 0x00, 0x00, 0x38, 0x00, 0x00, 0x38, 0x00, 0x03, 0x39,
    0x80, 0x07, 0xBB, 0xC0, 0x03, 0xFF, 0x80, 0x01, 0xFF, 0x00, 0x00, 0xFE, 0x00, 0x00, 0x7C, 0x00,
    0x00, 0x38, 0x00,
};

static const gfx_glyph_t s_glyphs[] = {
    { 0x0020, 0, 0, 0, 0, 0, 10 },
    { 0x0021, 0, 13, 20, 0, -20, 13 },
    { 0x0022, 40, 15, 20, 0, -20, 15 },
    { 0x0023, 80, 23, 20, 0, -20, 23 },
    { 0x0024, 140, 19, 25, 0, -21, 19 },
    { 0x0025, 215, 28, 20, 0, -20, 28 },
    { 0x0026, 295, 24, 20, 0, -20, 24 },
    { 0x0027, 355, 9, 20, 0, -20, 9 },
    { 0x0028, 395, 13, 25, 0, -21, 13 },
    { 0x0029, 445, 13, 25, 0, -21, 13 },
    { 0x002A, 495, 15, 20, 0, -20, 15 },
    { 0x002B, 535, 23, 17, 0, -17, 23 },
    { 0x002C, 586, 11, 9, 0, -5, 11 },
    { 0x002D, 604, 12, 10, 0, -10, 12 },
    { 0x002E, 624, 11, 5, 0, -5, 11 },
    { 0x002F, 634, 10, 23, 0, -20, 10 },
    { 0x0030, 680, 19, 20, 0, -20, 19 },
    { 0x0031, 740, 19, 20, 0, -20, 19 },
    { 0x0032, 800, 19, 20, 0, -20, 19 },
    { 0x0033, 860, 19, 20, 0, -20, 19 },
    { 0x0034, 920, 19, 20, 0, -20, 19 },
    { 0x0035, 980, 19, 20, 0, -20, 19 },
    { 0x0036, 1040, 19, 20, 0, -20, 19 },
    { 0x0037, 1100, 19, 20, 0, -20, 19 },
    { 0x0038, 1160, 19, 20, 0, -20, 19 },
    { 0x0039, 1220, 19, 20, 0, -20, 19 },
    { 0x003A, 1280, 11, 15, 0, -15, 11 },
    { 0x003B, 1310, 11, 19, 0, -15, 11 },
    { 0x003C, 1348, 23, 17, 0, -17, 23 },
    { 0x003D, 1399, 23, 13, 0, -13, 23 },
    { 0x003E, 1438, 23, 17, 0, -17, 23 },
    { 0x003F, 1489, 16, 20, 0, -20, 16 },
    { 0x0040, 1529, 28, 25, 0, -20, 28 },
    { 0x0041, 1629, 22, 20, 0, -20, 22 },
    { 0x0042, 1689, 21, 20, 0, -20, 21 },
    { 0x0043, 1749, 21, 20, 0, -20, 21 },
    { 0x0044, 1809, 23, 20, 0, -20, 23 },
    { 0x0045, 1869, 19, 20, 0, -20, 19 },
    { 0x0046, 1929, 19, 20, 0, -20, 19 },
    { 0x0047, 1989, 23, 20, 0, -20, 23 },
    { 0x0048, 2049, 23, 20, 0, -20, 23 },
    { 0x0049, 2109, 10, 20, 0, -20, 10 },
    { 0x004A, 2149, 11, 26, -1, -20, 10 },
    { 0x004B, 2201, 23, 20, 0, -20, 22 },
    { 0x004C, 2261, 18, 20, 0, -20, 18 },
    { 0x004D, 2321, 28, 20, 0, -20, 28 },
    { 0x004E, 2401, 23, 20, 0, -20, 23 },
    { 0x004F, 2461, 24, 20, 0, -20, 24 },
    { 0x0050, 2521, 21, 20, 0, -20, 21 },
    { 0x0051, 2581, 24, 24, 0, -20, 24 },
    { 0x0052, 2653, 22, 20, 0, -20, 22 },
    { 0x0053, 2713, 20, 20, 0, -20, 20 },
    { 0x0054, 2773, 19, 20, 0, -20, 19 },
    { 0x0055, 2833, 23, 20, 0, -20, 23 },
    { 0x0056, 2893, 22, 20, 0, -20, 22 },
    { 0x0057, 2953, 31, 20, 0, -20, 31 },
    { 0x0058, 3033, 22, 20, 0, -20, 22 },
    { 0x0059, 3093, 21, 20, 0, -20, 20 },
    { 0x005A, 3153, 20, 20, 0, -20, 20 },
    { 0x005B, 3213, 13, 25, 0, -21, 13 },
    { 0x005C, 3263, 10, 23, 0, -20, 10 },
    { 0x005D, 3309, 13, 25, 0, -21, 13 },
    { 0x005E, 3359, 23, 20, 0, -20, 23 },
    { 0x005F, 3419, 14, 7, 0, 0, 14 },
    { 0x0060, 3433, 14, 22, 0, -22, 14 },
    { 0x0061, 3477, 19, 15, 0, -15, 19 },
    { 0x0062, 3522, 20, 21, 0, -21, 20 },
    { 0x0063, 3585, 17, 15, 0, -15, 17 },
    { 0x0064, 3630, 20, 21, 0, -21, 20 },
    { 0x0065, 3693, 19, 15, 0, -15, 19 },
    { 0x0066, 3738, 13, 21, 0, -21, 12 },
    { 0x0067, 3780, 20, 21, 0, -15, 20 },
    { 0x0068, 3843, 20, 21, 0, -21, 20 },
    { 0x0069, 3906, 10, 21, 0, -21, 10 },
    { 0x006A, 3948, 11, 27, -1, -21, 10 },
    { 0x006B, 4002, 19, 21, 0, -21, 19 },
    { 0x006C, 4065, 10, 21, 0, -21, 10 },
    { 0x006D, 4107, 29, 15, 0, -15, 29 },
    { 0x006E, 4167, 20, 15, 0, -15, 20 },
    { 0x006F, 4212, 19, 15, 0, -15, 19 },
    { 0x0070, 4257, 20, 21, 0, -15, 20 },
    { 0x0071, 4320, 20, 21, 0, -15, 20 },
    { 0x0072, 4383, 14, 15, 0, -15, 14 },
    { 0x0073, 4413, 17, 15, 0, -15, 17 },
    { 0x0074, 4458, 13, 20, 0, -20, 13 },
    { 0x0075, 4498, 20, 15, 0, -15, 20 },
    { 0x0076, 4543, 18, 15, 0, -15, 18 },
    { 0x0077, 4588, 26, 15, 0, -15, 26 },
    { 0x0078, 4648, 18, 15, 0, -15, 18 },
    { 0x0079, 4693, 18, 21, 0, -15, 18 },
    { 0x007A, 4756, 16, 15, 0, -15, 16 },
    { 0x007B, 4786, 20, 26, 0, -21, 20 },
    { 0x007C, 4864, 10, 28, 0, -21, 10 },
    { 0x007D, 4920, 20, 26, 0, -21, 20 },
    { 0x007E, 4998, 23, 12, 0, -12, 23 },
    { 0x00A0, 5034, 0, 0, 0, 0, 10 },
    { 0x00A1, 5034, 13, 20, 0, -15, 13 },
    { 0x00A2, 5074, 19, 23, 0, -19, 19 },
    { 0x00A3, 5143, 19, 20, 0, -20, 19 },
    { 0x00A4, 5203, 18, 18, 0, -18, 18 },
    { 0x00A5, 5257, 19, 20, 0, -20, 19 },
    { 0x00A6, 5317, 10, 24, 0, -20, 10 },
    { 0x00A7, 5365, 15, 23, 0, -20, 14 },
    { 0x00A8, 5411, 14, 22, 0, -22, 14 },
    { 0x00A9, 5455, 28, 20, 0, -20, 28 },
    { 0x00AA, 5535, 16, 20, 0, -20, 16 },
    { 0x00AB, 5575, 18, 15, 0, -15, 18 },
    { 0x00AC, 5620, 23, 12, 0, -12, 23 },
    { 0x00AD, 5656, 12, 10, 0, -10, 12 },
    { 0x00AE, 5676, 28, 20, 0, -20, 28 },
    { 0x00AF, 5756, 14, 21, 0, -21, 14 },
    { 0x00B0, 5798, 14, 21, 0, -21, 14 },
    { 0x00B1, 5840, 23, 18, 0, -18, 23 },
    { 0x00B2, 5894, 12, 20, 0, -20, 12 },
    { 0x00B3, 5934, 12, 20, 0, -20, 12 },
    { 0x00B4, 5974, 14, 22, 0, -22, 14 },
    { 0x00B5, 6018, 21, 21, 0, -15, 21 },
    { 0x00B6, 6081, 18, 23, 0, -20, 18 },
    { 0x00B7, 6150, 11, 12, 0, -12, 11 },
    { 0x00B8, 6174, 14, 5, 0, 0, 14 },
    { 0x00B9, 6184, 12, 20, 0, -20, 12 },
    { 0x00BA, 6224, 16, 20, 0, -20, 16 },
    { 0x00BB, 6264, 18, 15, 0, -15, 18 },
    { 0x00BC, 6309, 29, 20, 0, -20, 29 },
    { 0x00BD, 6389, 29, 21, 0, -20, 29 },
    { 0x00BE, 6473, 29, 20, 0, -20, 29 },
    { 0x00BF, 6553, 16, 21, 0, -15, 16 },
    { 0x00C0, 6595, 22, 26, 0, -26, 22 },
    { 0x00C1, 6673, 22, 26, 0, -26, 22 },
    { 0x00C2, 6751, 22, 26, 0, -26, 22 },
    { 0x00C3, 6829, 22, 26, 0, -26, 22 },
    { 0x00C4, 6907, 22, 26, 0, -26, 22 },
    { 0x00C5, 6985, 22, 26, 0, -26, 22 },
    { 0x00C6, 7063, 30, 20, 0, -20, 30 },
    { 0x00C7, 7143, 21, 25, 0, -20, 21 },
    { 0x00C8, 7218, 19, 26, 0, -26, 19 },
    { 0x00C9, 7296, 19, 26, 0, -26, 19 },
    { 0x00CA, 7374, 19, 26, 0, -26, 19 },
    { 0x00CB, 7452, 19, 26, 0, -26, 19 },
    { 0x00CC, 7530, 10, 26, 0, -26, 10 },
    { 0x00CD, 7582, 10, 26, 0, -26, 10 },
    { 0x00CE, 7634, 11, 26, 0, -26, 10 },
    { 0x00CF, 7686, 10, 26, 0, -26, 10 },
    { 0x00D0, 7738, 23, 20, 0, -20, 23 },
    { 0x00D1, 7798, 23, 26, 0, -26, 23 },
    { 0x00D2, 7876, 24, 26, 0, -26, 24 },
    { 0x00D3, 7954, 24, 26, 0, -26, 24 },
    { 0x00D4, 8032, 24, 26, 0, -26, 24 },
    { 0x00D5, 8110, 24, 26, 0, -26, 24 },
    { 0x00D6, 8188, 24, 26, 0, -26, 24 },
    { 0x00D7, 8266, 23, 17, 0, -17, 23 },
    { 0x00D8, 8317, 24, 22, 0, -21, 24 },
    { 0x00D9, 8383, 23, 26, 0, -26, 23 },
    { 0x00DA, 8461, 23, 26, 0, -26, 23 },
    { 0x00DB, 8539, 23, 26, 0, -26, 23 },
    { 0x00DC, 8617, 23, 26, 0, -26, 23 },
    { 0x00DD, 8695, 21, 26, 0, -26, 20 },
    { 0x00DE, 8773, 21, 20, 0, -20, 21 },
    { 0x00DF, 8833, 20, 21, 0, -21, 20 },
    { 0x00E0, 8896, 19, 22, 0, -22, 19 },
    { 0x00E1, 8962, 19, 22, 0, -22, 19 },
    { 0x00E2, 9028, 19, 22, 0, -22, 19 },
    { 0x00E3, 9094, 19, 22, 0, -22, 19 },
    { 0x00E4, 9160, 19, 22, 0, -22, 19 },
    { 0x00E5, 9226, 19, 25, 0, -25, 19 },
    { 0x00E6, 9301, 29, 15, 0, -15, 29 },
    { 0x00E7, 9361, 17, 20, 0, -15, 17 },
    { 0x00E8, 9421, 19, 22, 0, -22, 19 },
    { 0x00E9, 9487, 19, 22, 0, -22, 19 },
    { 0x00EA, 9553, 19, 22, 0, -22, 19 },
    { 0x00EB, 9619, 19, 22, 0, -22, 19 },
    { 0x00EC, 9685, 11, 22, -1, -22, 10 },
    { 0x00ED, 9729, 11, 22, 0, -22, 10 },
    { 0x00EE, 9773, 11, 22, -1, -22, 10 },
    { 0x00EF, 9817, 10, 22, 0, -22, 10 },
    { 0x00F0, 9861, 19, 21, 0, -21, 19 },
    { 0x00F1, 9924, 20, 22, 0, -22, 20 },
    { 0x00F2, 9990, 19, 22, 0, -22, 19 },
    { 0x00F3, 10056, 19, 22, 0, -22, 19 },
    { 0x00F4, 10122, 19, 22, 0, -22, 19 },
    { 0x00F5, 10188, 19, 22, 0, -22, 19 },
    { 0x00F6, 10254, 19, 22, 0, -22, 19 },
    { 0x00F7, 10320, 23, 16, 0, -16, 23 },
    { 0x00F8, 10368, 19, 17, 0, -16, 19 },
    { 0x00F9, 10419, 20, 22, 0, -22, 20 },
    { 0x00FA, 10485, 20, 22, 0, -22, 20 },
    { 0x00FB, 10551, 20, 22, 0, -22, 20 },
    { 0x00FC, 10617, 20, 22, 0, -22, 20 },
    { 0x00FD, 10683, 18, 28, 0, -22, 18 },
    { 0x00FE, 10767, 20, 27, 0, -21, 20 },
    { 0x00FF, 10848, 18, 28, 0, -22, 18 },
    { 0x0100, 10932, 22, 25, 0, -25, 22 },
    { 0x0101, 11007, 19, 21, 0, -21, 19 },
    { 0x0102, 11070, 22, 26, 0, -26, 22 },
    { 0x0103, 11148, 19, 22, 0, -22, 19 },
    { 0x0104, 11214, 22, 25, 0, -20, 22 },
    { 0x0105, 11289, 19, 20, 0, -15, 19 },
    { 0x0106, 11349, 21, 26, 0, -26, 21 },
    { 0x0107, 11427, 17, 22, 0, -22, 17 },
    { 0x0108, 11493, 21, 26, 0, -26, 21 },
    { 0x0109, 11571, 17, 22, 0, -22, 17 },
    { 0x010A, 11637, 21, 26, 0, -26, 21 },
    { 0x010B, 11715, 17, 22, 0, -22, 17 },
    { 0x010C, 11781, 21, 26, 0, -26, 21 },
    { 0x010D, 11859, 17, 22, 0, -22, 17 },
    { 0x010E, 11925, 23, 26, 0, -26, 23 },
    { 0x010F, 12003, 24, 21, 0, -21, 20 },
    { 0x0110, 12066, 23, 20, 0, -20, 23 },
    { 0x0111, 12126, 20, 21, 0, -21, 20 },
    { 0x0112, 12189, 19, 25, 0, -25, 19 },
    { 0x0113, 12264, 19, 21, 0, -21, 19 },
    { 0x0114, 12327, 19, 26, 0, -26, 19 },
    { 0x0115, 12405, 19, 22, 0, -22, 19 },
    { 0x0116, 12471, 19, 26, 0, -26, 19 },
    { 0x0117, 12549, 19, 22, 0, -22, 19 },
    { 0x0118, 12615, 19, 25, 0, -20, 19 },
    { 0x0119, 12690, 19, 20, 0, -15, 19 },
    { 0x011A, 12750, 19, 26, 0, -26, 19 },
    { 0x011B, 12828, 19, 22, 0, -22, 19 },
    { 0x011C, 12894, 23, 26, 0, -26, 23 },
    { 0x011D, 12972, 20, 28, 0, -22, 20 },
    { 0x011E, 13056, 23, 26, 0, -26, 23 },
    { 0x011F, 13134, 20, 28, 0, -22, 20 },
    { 0x0120, 13218, 23, 26, 0, -26, 23 },
    { 0x0121, 13296, 20, 28, 0, -22, 20 },
    { 0x0122, 13380, 23, 27, 0, -20, 23 },
    { 0x0123, 13461, 20, 28, 0, -22, 20 },
    { 0x0124, 13545, 23, 26, 0, -26, 23 },
    { 0x0125, 13623, 21, 26, -1, -26, 20 },
    { 0x0126, 13701, 27, 20, 0, -20, 27 },
    { 0x0127, 13781, 22, 21, 0, -21, 22 },
    { 0x0128, 13844, 10, 26, 0, -26, 10 },
    { 0x0129, 13896, 11, 22, -1, -22, 10 },
    { 0x012A, 13940, 10, 25, 0, -25, 10 },
    { 0x012B, 13990, 10, 21, 0, -21, 10 },
    { 0x012C, 14032, 10, 26, 0, -26, 10 },
    { 0x012D, 14084, 10, 22, 0, -22, 10 },
    { 0x012E, 14128, 11, 25, 0, -20, 10 },
    { 0x012F, 14178, 10, 26, 0, -21, 10 },
    { 0x0130, 14230, 10, 26, 0, -26, 10 },
    { 0x0131, 14282, 10, 15, 0, -15, 10 },
    { 0x0132, 14312, 21, 26, 0, -20, 21 },
    { 0x0133, 14390, 19, 27, 0, -21, 19 },
    { 0x0134, 14471, 12, 32, -1, -26, 10 },
    { 0x0135, 14535, 11, 28, -1, -22, 10 },
    { 0x0136, 14591, 23, 26, 0, -20, 22 },
    { 0x0137, 14669, 19, 27, 0, -21, 19 },
    { 0x0138, 14750, 19, 15, 0, -15, 19 },
    { 0x0139, 14795, 18, 26, 0, -26, 18 },
    { 0x013A, 14873, 10, 26, 0, -26, 10 },
    { 0x013B, 14925, 18, 26, 0, -20, 18 },
    { 0x013C, 15003, 10, 27, 0, -21, 10 },
    { 0x013D, 15057, 18, 20, 0, -20, 18 },
    { 0x013E, 15117, 13, 21, 0, -21, 13 },
    { 0x013F, 15159, 18, 20, 0, -20, 18 },
    { 0x0140, 15219, 16, 21, 0, -21, 16 },
    { 0x0141, 15261, 20, 20, -2, -20, 18 },
    { 0x0142, 15321, 12, 21, -1, -21, 10 },
    { 0x0143, 15363, 23, 26, 0, -26, 23 },
    { 0x0144, 15441, 20, 22, 0, -22, 20 },
    { 0x0145, 15507, 23, 26, 0, -20, 23 },
    { 0x0146, 15585, 20, 21, 0, -15, 20 },
    { 0x0147, 15648, 23, 26, 0, -26, 23 },
    { 0x0148, 15726, 20, 22, 0, -22, 20 },
    { 0x0149, 15792, 28, 20, 0, -20, 28 },
    { 0x014A, 15872, 23, 26, 0, -20, 23 },
    { 0x014B, 15950, 19, 21, 0, -15, 19 },
    { 0x014C, 16013, 24, 25, 0, -25, 24 },
    { 0x014D, 16088, 19, 21, 0, -21, 19 },
    { 0x014E, 16151, 24, 26, 0, -26, 24 },
    { 0x014F, 16229, 19, 22, 0, -22, 19 },
    { 0x0150, 16295, 24, 26, 0, -26, 24 },
    { 0x0151, 16373, 19, 22, 0, -22, 19 },
    { 0x0152, 16439, 33, 22, 0, -21, 33 },
    { 0x0153, 16549, 31, 15, 0, -15, 31 },
    { 0x0154, 16609, 22, 26, 0, -26, 22 },
    { 0x0155, 16687, 15, 22, 0, -22, 14 },
    { 0x0156, 16731, 22, 26, 0, -20, 22 },
    { 0x0157, 16809, 14, 21, 0, -15, 14 },
    { 0x0158, 16851, 22, 26, 0, -26, 22 },
    { 0x0159, 16929, 14, 22, 0, -22, 14 },
    { 0x015A, 16973, 20, 26, 0, -26, 20 },
    { 0x015B, 17051, 17, 22, 0, -22, 17 },
    { 0x015C, 17117, 20, 26, 0, -26, 20 },
    { 0x015D, 17195, 17, 22, 0, -22, 17 },
    { 0x015E, 17261, 20, 25, 0, -20, 20 },
    { 0x015F, 17336, 17, 20, 0, -15, 17 },
    { 0x0160, 17396, 20, 26, 0, -26, 20 },
    { 0x0161, 17474, 17, 22, 0, -22, 17 },
    { 0x0162, 17540, 19, 25, 0, -20, 19 },
    { 0x0163, 17615, 13, 25, 0, -20, 13 },
    { 0x0164, 17665, 19, 26, 0, -26, 19 },
    { 0x0165, 17743, 14, 22, 0, -22, 13 },
    { 0x0166, 17787, 19, 20, 0, -20, 19 },
    { 0x0167, 17847, 13, 19, 0, -19, 13 },
    { 0x0168, 17885, 23, 26, 0, -26, 23 },
    { 0x0169, 17963, 20, 22, 0, -22, 20 },
    { 0x016A, 18029, 23, 25, 0, -25, 23 },
    { 0x016B, 18104, 20, 21, 0, -21, 20 },
    { 0x016C, 18167, 23, 26, 0, -26, 23 },
    { 0x016D, 18245, 20, 22, 0, -22, 20 },
    { 0x016E, 18311, 23, 26, 0, -26, 23 },
    { 0x016F, 18389, 20, 25, 0, -25, 20 },
    { 0x0170, 18464, 23, 26, 0, -26, 23 },
    { 0x0171, 18542, 20, 22, 0, -22, 20 },
    { 0x0172, 18608, 23, 25, 0, -20, 23 },
    { 0x0173, 18683, 21, 20, 0, -15, 20 },
    { 0x0174, 18743, 31, 26, 0, -26, 31 },
    { 0x0175, 18847, 26, 22, 0, -22, 26 },
    { 0x0176, 18935, 21, 26, 0, -26, 20 },
    { 0x0177, 19013, 18, 28, 0, -22, 18 },
    { 0x0178, 19097, 21, 26, 0, -26, 20 },
    { 0x0179, 19175, 20, 26, 0, -26, 20 },
    { 0x017A, 19253, 16, 22, 0, -22, 16 },
    { 0x017B, 19297, 20, 26, 0, -26, 20 },
    { 0x017C, 19375, 16, 22, 0, -22, 16 },
    { 0x017D, 19419, 20, 26, 0, -26, 20 },
    { 0x017E, 19497, 16, 22, 0, -22, 16 },
    { 0x017F, 19541, 13, 21, 0, -21, 12 },
    { 0x2013, 19583, 14, 10, 0, -10, 14 },
    { 0x2014, 19603, 28, 10, 0, -10, 28 },
    { 0x2026, 19643, 28, 5, 0, -5, 28 },
    { 0x20AC, 19663, 20, 20, -1, -20, 19 },
    { 0x2190, 19723, 23, 15, 0, -15, 23 },
    { 0x2191, 19768, 23, 21, 0, -21, 23 },
    { 0x2192, 19831, 23, 15, 0, -15, 23 },
    { 0x2193, 19876, 23, 21, 0, -20, 23 },
};

const gfx_font_t gfx_font_sans_bold_28 = { s_bitmap, s_glyphs, 327, 26, 33 };
